,id,title,author,authoryearofbirth,authoryearofdeath,gr_pubDate,date,age,yearsToDeath
0,4340.0,The British Barbarians,"Allen, Grant",1848,1899,1895--,1895,47,4
1,4396.0,The Woman Who Did,"Allen, Grant",1848,1899,1895--,1895,47,4
5,5869.0,Michael's Crag,"Allen, Grant",1848,1899,1893--,1893,45,6
6,6010.0,What's Bred in the Bone,"Allen, Grant",1848,1899,1891--,1891,43,8
7,6060.0,Philistia,"Allen, Grant",1848,1899,1884--,1884,36,15
8,13876.0,The Great Taboo,"Allen, Grant",1848,1899,1891--,1891,43,8
9,18788.0,Post-Prandial Philosophy,"Allen, Grant",1848,1899,1894--,1894,46,5
10,30970.0,Miss Cayley's Adventures,"Allen, Grant",1848,1899,1899--,1899,51,0
13,43688.0,"Wednesday the Tenth, A Tale of the South Pacific","Allen, Grant",1848,1899,1890--,1890,42,9
0,14005.0,The Ladies Delight,Anonymous,,,1732--,1732,,
1,15883.0,The London-Bawd: With Her Character and Life: Discovering the Various and Subtle Intrigues of Lewd Women,Anonymous,,,2009-10-4,2009,,
2,17083.0,Adventures of a Sixpence in Guernsey by A Native,Anonymous,,,2005-11-17,2005,,
3,17270.0,The Interlude of Wealth and Health,Anonymous,,,2012-5-17,2012,,
4,20642.0,The Assemble of Goddes,Anonymous,,,2009-5-10,2009,,
5,23390.0,"The True Life of Betty Ireland: With Her Birth, Education, and Adventures. Together with Some Account of Her Elder Sister Blanch of Britain. Containing Sundry Very Curious Particulars",Anonymous,,,2012-5-12,2012,,
6,24825.0,The Ghost of Chatham; A Vision: Dedicated to the House of Peers,Anonymous,,,2012-5-11,2012,,
10,28521.0,The Power of Mesmerism: A Highly Erotic Narrative of Voluptuous Facts and Fancies,Anonymous,,,2006--,2006,,
11,28522.0,Laura Middleton; Her Brother and her Lover,Anonymous,,,1890--,1890,,
12,29189.0,"A Letter From a Clergyman to his Friend,: with an Account of the Travels of Captain Lemuel Gulliver",Anonymous,,,2012-5-12,2012,,
13,30254.0,The Romance of Lust: A Classic Victorian erotic novel,Anonymous,,,1873--,1873,,
15,33735.0,Pamela Censured,Anonymous,,,2011-3-24,2011,,
18,42289.0,Abbotsford,Anonymous,,,1912--,1912,,
1,25129.0,"Baboo Jabberjee, B.A.","Anstey, F.",1856,1934,1897--,1897,41,37
2,26853.0,"Vice Versa; or, A Lesson to Fathers","Anstey, F.",1856,1934,1882--,1882,26,52
3,27284.0,"The Talking Horse, and Other Tales","Anstey, F.",1856,1934,1892--,1892,36,42
4,27507.0,The Giant's Robe,"Anstey, F.",1856,1934,1883--,1883,27,51
5,28459.0,In Brief Authority,"Anstey, F.",1856,1934,1915--,1915,59,19
6,30689.0,The Brass Bottle,"Anstey, F.",1856,1934,1900--,1900,44,34
7,35305.0,Mr Punch's Pocket Ibsen - A Collection of Some of the Master's Best Known Dramas,"Anstey, F.",1856,1934,1893--,1893,37,41
8,36703.0,"A Bayard From Bengal: Being some account of the Magnificent and Spanking Career of Chunder Bindabun Bhosh,...","Anstey, F.",1856,1934,1902--,1902,46,32
10,37449.0,Puppets at Large: Scenes and Subjects from Mr Punch's Show,"Anstey, F.",1856,1934,1897--,1897,41,37
11,37597.0,Voces Populi,"Anstey, F.",1856,1934,1890--,1890,34,44
12,37685.0,The Brass Bottle: A Farcical Fantastic Play in Four Acts,"Anstey, F.",1856,1934,1900--,1900,44,34
13,37691.0,The Travelling Companions: A Story in Scenes,"Anstey, F.",1856,1934,1892--,1892,36,42
14,38657.0,Love Among the Lions: A Matrimonial Experience,"Anstey, F.",1856,1934,1898--,1898,42,36
15,39045.0,"Mr Punch's Model Music Hall Songs and Dramas: Collected, Improved and Re-arranged from Punch","Anstey, F.",1856,1934,1892--,1892,36,42
16,41589.0,Lyre and Lancet: A Story in Scenes,"Anstey, F.",1856,1934,1895--,1895,39,39
17,46173.0,Tourmalin's Time Cheques,"Anstey, F.",1856,1934,1891--,1891,35,43
0,4982.0,A Rock in the Baltic,"Barr, Robert",1850,1912,1906--,1906,56,6
3,8716.0,The Strong Arm,"Barr, Robert",1850,1912,1899--,1899,49,13
4,9263.0,In the Midst of Alarms,"Barr, Robert",1850,1912,1894--,1894,44,18
5,9300.0,"Jennie Baxter, Journalist","Barr, Robert",1850,1912,1899--,1899,49,13
6,9305.0,"One Day's Courtship, and The Heralds of Fame","Barr, Robert",1850,1912,1896--,1896,46,16
8,9312.0,From Whose Bourne,"Barr, Robert",1850,1912,1893--,1893,43,19
9,9379.0,A Woman Intervenes,"Barr, Robert",1850,1912,1896--,1896,46,16
10,14656.0,The Sword Maker,"Barr, Robert",1850,1912,1910--,1910,60,2
11,19369.0,The Triumphs of Eugène Valmont,"Barr, Robert",1850,1912,1906--,1906,56,6
0,2813.0,The Grand Babylon Hôtel,"Bennett, Arnold",1867,1931,1902--,1902,35,29
1,4734.0,The Grim Smile of the Five Towns,"Bennett, Arnold",1867,1931,1907--,1907,40,24
2,5247.0,The Old Wives' Tale,"Bennett, Arnold",1867,1931,1908--,1908,41,23
3,8405.0,Journalism for Women: A Practical Guide,"Bennett, Arnold",1867,1931,1898--,1898,31,33
4,10658.0,Hilda Lessways,"Bennett, Arnold",1867,1931,1911-1-1,1911,44,20
5,10911.0,Buried Alive: A Tale of These Days,"Bennett, Arnold",1867,1931,1908--,1908,41,23
6,11360.0,Sacred and Profane Love: A Novel in Three Episodes,"Bennett, Arnold",1867,1931,1905-1-1,1905,38,26
8,12654.0,The Roll-Call,"Bennett, Arnold",1867,1931,1918--,1918,51,13
9,12673.0,The Pretty Lady,"Bennett, Arnold",1867,1931,1918--,1918,51,13
10,12687.0,The Title: A Comedy in Three Acts,"Bennett, Arnold",1867,1931,1918--,1918,51,13
11,12773.0,Mr. Prohack,"Bennett, Arnold",1867,1931,1922--,1922,55,9
12,12779.0,Helen with the High Hand (2nd ed.),"Bennett, Arnold",1867,1931,1910--,1910,43,21
13,12794.0,"Judith, a Play in Three Acts; Founded on the Apocryphal Book of Judith","Bennett, Arnold",1867,1931,1919-6-4,1919,52,12
15,12986.0,"The Card, a Story of Adventure in the Five Towns","Bennett, Arnold",1867,1931,1911--,1911,44,20
17,13293.0,Tales of the Five Towns,"Bennett, Arnold",1867,1931,1905--,1905,38,26
19,13894.0,The Great Adventure: A Play of Fancy in Four Acts,"Bennett, Arnold",1867,1931,1913--,1913,46,18
21,14653.0,The Feast of St. Friend,"Bennett, Arnold",1867,1931,1911--,1911,44,20
22,15712.0,Hugo: A Fantasia on Modern Themes,"Bennett, Arnold",1867,1931,1906--,1906,39,25
23,17176.0,The Ghost: A Modern Fantasy,"Bennett, Arnold",1867,1931,1907-2-27,1907,40,24
24,21249.0,Clayhanger,"Bennett, Arnold",1867,1931,1910--,1910,43,21
25,29860.0,A Great Man: A Frolic,"Bennett, Arnold",1867,1931,1904--,1904,37,27
26,35505.0,Anna of the Five Towns,"Bennett, Arnold",1867,1931,1902--,1902,35,29
27,40103.0,Denry the Audacious,"Bennett, Arnold",1867,1931,1911--,1911,44,20
0,3663.0,The Girl from Keller's,"Bindloss, Harold",1866,1945,1917--,1917,51,28
1,9778.0,Vane of the Timberlands,"Bindloss, Harold",1866,1945,1911--,1911,45,34
5,14261.0,Alton of Somasco: A Romance of the Great Northwest,"Bindloss, Harold",1866,1945,1905--,1905,39,40
6,14361.0,Carmen's Messenger,"Bindloss, Harold",1866,1945,1917--,1917,51,28
8,14698.0,Ranching for Sylvia,"Bindloss, Harold",1866,1945,1912--,1912,46,33
9,21205.0,The Gold Trail,"Bindloss, Harold",1866,1945,1910--,1910,44,35
10,25910.0,The Long Portage,"Bindloss, Harold",1866,1945,1912--,1912,46,33
11,25916.0,Prescott of Saskatchewan,"Bindloss, Harold",1866,1945,1913-8-,1913,47,32
14,27115.0,The Cattle-Baron's Daughter,"Bindloss, Harold",1866,1945,1906-1-1,1906,40,39
15,27504.0,Lorimer of the Northwest,"Bindloss, Harold",1866,1945,1909-1-,1909,43,36
16,27601.0,Hawtrey's Deputy,"Bindloss, Harold",1866,1945,1910-10-,1910,44,35
18,29183.0,Partners of the Out-Trail,"Bindloss, Harold",1866,1945,1919--,1919,53,26
19,29266.0,Thurston of Orchard Valley,"Bindloss, Harold",1866,1945,1910-2-,1910,44,35
22,34425.0,Johnstone of the Border,"Bindloss, Harold",1866,1945,1916-1-1,1916,50,29
23,35823.0,The Secret of the Reef,"Bindloss, Harold",1866,1945,1914--,1914,48,31
25,36705.0,By Right of Purchase,"Bindloss, Harold",1866,1945,1908-9-,1908,42,37
26,36804.0,The League of the Leopard,"Bindloss, Harold",1866,1945,1914-1-1,1914,48,31
28,37761.0,A Damaged Reputation,"Bindloss, Harold",1866,1945,1908--,1908,42,37
30,38144.0,The Mistress of Bonaventure,"Bindloss, Harold",1866,1945,1907--,1907,41,38
33,38635.0,Delilah of the Snows,"Bindloss, Harold",1866,1945,1907--,1907,41,38
38,39349.0,Wyndham's Pal,"Bindloss, Harold",1866,1945,1919-1-1,1919,53,26
0,4046.0,The Garden of Survival,"Blackwood, Algernon",1869,1951,1918--,1918,49,33
1,5894.0,The Extra Day,"Blackwood, Algernon",1869,1951,1915--,1915,46,36
2,6021.0,A Prisoner in Fairyland (The Book That 'Uncle Paul' Wrote),"Blackwood, Algernon",1869,1951,1913--,1913,44,38
3,9964.0,The Centaur,"Blackwood, Algernon",1869,1951,1911--,1911,42,40
4,10624.0,Three John Silence Stories,"Blackwood, Algernon",1869,1951,1908-9-8,1908,39,43
6,10897.0,The Wendigo,"Blackwood, Algernon",1869,1951,1910--,1910,41,41
8,11377.0,The Man Whom the Trees Loved,"Blackwood, Algernon",1869,1951,1912--,1912,43,39
9,11438.0,The Willows,"Blackwood, Algernon",1869,1951,1907--,1907,38,44
10,11988.0,The Human Chord,"Blackwood, Algernon",1869,1951,1910--,1910,41,41
11,14471.0,The Empty House and Other Ghost Stories,"Blackwood, Algernon",1869,1951,1906--,1906,37,45
13,30974.0,Jimbo: A Fantasy,"Blackwood, Algernon",1869,1951,1909--,1909,40,42
14,33876.0,The Wave: An Egyptian Aftermath,"Blackwood, Algernon",1869,1951,1916--,1916,47,35
15,35132.0,The Promise of Air,"Blackwood, Algernon",1869,1951,1918-1-1,1918,49,33
16,43594.0,The Bright Messenger,"Blackwood, Algernon",1869,1951,1921--,1921,52,30
18,45964.0,Day and Night Stories,"Blackwood, Algernon",1869,1951,1917-7-1,1917,48,34
0,558.0,The Thirty-Nine Steps,"Buchan, John",1875,1940,1915--,1915,40,25
1,559.0,Greenmantle,"Buchan, John",1875,1940,1916--,1916,41,24
2,560.0,Mr. Standfast,"Buchan, John",1875,1940,1919--,1919,44,21
3,611.0,Prester John,"Buchan, John",1875,1940,1910--,1910,35,30
4,715.0,The Moon Endureth: Tales and Fancies,"Buchan, John",1875,1940,1912--,1912,37,28
5,1966.0,The Path of the King,"Buchan, John",1875,1940,1920--,1920,45,20
6,3782.0,Huntingtower,"Buchan, John",1875,1940,1922--,1922,47,18
7,10046.0,Salute to Adventurers,"Buchan, John",1875,1940,1915--,1915,40,25
8,17047.0,The Half-Hearted,"Buchan, John",1875,1940,1900-3-8,1900,25,40
1,12.0,Through the Looking-Glass,"Carroll, Lewis",1832,1898,1871--,1871,39,27
3,620.0,Sylvie and Bruno,"Carroll, Lewis",1832,1898,1889--,1889,57,9
4,651.0,Phantasmagoria and Other Poems,"Carroll, Lewis",1832,1898,1869--,1869,37,29
5,928.0,Alice's Adventures in Wonderland: HTML Edition,"Carroll, Lewis",1832,1898,1865--,1865,33,33
6,19002.0,"Alice's Adventures Under Ground: Being a facsimile of the original Ms. book afterwards developed into ""Alice's Adventures in Wonderland""","Carroll, Lewis",1832,1898,1864-11-,1864,32,34
7,19033.0,Alice's Adventures in Wonderland,"Carroll, Lewis",1832,1898,1865--,1865,33,33
8,28885.0,Alice's Adventures in Wonderland: Illustrated by Arthur Rackham. With a Proem by Austin Dobson,"Carroll, Lewis",1832,1898,1865--,1865,33,33
9,29042.0,A Tangled Tale,"Carroll, Lewis",1832,1898,1885--,1885,53,13
0,155.0,The Moonstone,"Collins, Wilkie",1824,1889,1868--,1868,44,21
1,170.0,The Haunted Hotel: A Mystery of Modern Venice,"Collins, Wilkie",1824,1889,1879--,1879,55,10
2,583.0,The Woman in White,"Collins, Wilkie",1824,1889,1859-11-26,1859,35,30
4,1586.0,Man and Wife,"Collins, Wilkie",1824,1889,1870--,1870,46,19
5,1587.0,The Black Robe,"Collins, Wilkie",1824,1889,1881--,1881,57,8
6,1588.0,A Rogue's Life,"Collins, Wilkie",1824,1889,1879--,1879,55,10
7,1621.0,Miss or Mrs.?,"Collins, Wilkie",1824,1889,1873--,1873,49,16
8,1622.0,The Law and the Lady,"Collins, Wilkie",1824,1889,1875--,1875,51,14
10,1624.0,The Two Destinies,"Collins, Wilkie",1824,1889,1876--,1876,52,13
11,1625.0,The Frozen Deep,"Collins, Wilkie",1824,1889,1857--,1857,33,32
13,1627.0,The Evil Genius: A Domestic Story,"Collins, Wilkie",1824,1889,1886--,1886,62,3
14,1628.0,My Lady's Money,"Collins, Wilkie",1824,1889,1879--,1879,55,10
17,1895.0,Armadale,"Collins, Wilkie",1824,1889,1866--,1866,42,23
19,1975.0,The Legacy of Cain,"Collins, Wilkie",1824,1889,1888--,1888,64,1
20,2006.0,A Fair Penitent,"Collins, Wilkie",1824,1889,1857-7-18,1857,33,32
21,3606.0,"Antonina; Or, The Fall of Rome","Collins, Wilkie",1824,1889,1850--,1850,26,39
22,3632.0,Poor Miss Finch,"Collins, Wilkie",1824,1889,1872--,1872,48,17
23,3633.0,Jezebel's Daughter,"Collins, Wilkie",1824,1889,1880--,1880,56,9
24,3634.0,The Guilty River,"Collins, Wilkie",1824,1889,1886--,1886,62,3
25,4605.0,Basil,"Collins, Wilkie",1824,1889,1852--,1852,28,37
27,7891.0,The Dead Alive,"Collins, Wilkie",1824,1889,1874--,1874,50,15
28,7892.0,Heart and Science: A Story of the Present Time,"Collins, Wilkie",1824,1889,1883--,1883,59,6
30,7894.0,The Fallen Leaves,"Collins, Wilkie",1824,1889,1879--,1879,55,10
31,43092.0,The Dead Secret: A Novel,"Collins, Wilkie",1824,1889,1856--,1856,32,33
33,44350.0,"My Miscellanies, Vol. 2 (of 2)","Collins, Wilkie",1824,1889,1863-1-1,1863,39,26
1,220.0,The Secret Sharer,"Conrad, Joseph",1857,1924,1910--,1910,53,14
3,493.0,Falk: A Reminiscence,"Conrad, Joseph",1857,1924,1903--,1903,46,21
4,494.0,To-morrow,"Conrad, Joseph",1857,1924,1903--,1903,46,21
5,495.0,Amy Foster,"Conrad, Joseph",1857,1924,1901--,1901,44,23
7,526.0,Heart of Darkness,"Conrad, Joseph",1857,1924,1899--,1899,42,25
8,527.0,The End of the Tether,"Conrad, Joseph",1857,1924,1902--,1902,45,22
9,638.0,An Outcast of the Islands,"Conrad, Joseph",1857,1924,1896--,1896,39,28
10,687.0,A Personal Record,"Conrad, Joseph",1857,1924,1912--,1912,55,12
12,974.0,The Secret Agent: A Simple Tale,"Conrad, Joseph",1857,1924,1907--,1907,50,17
13,1053.0,Within the Tides: Tales,"Conrad, Joseph",1857,1924,1911--,1911,54,13
14,1055.0,'Twixt Land & Sea: Tales,"Conrad, Joseph",1857,1924,1912--,1912,55,12
15,1058.0,The Mirror of the Sea,"Conrad, Joseph",1857,1924,1906--,1906,49,18
16,1083.0,The Arrow of Gold: A Story Between Two Notes,"Conrad, Joseph",1857,1924,1919--,1919,62,5
17,1142.0,Typhoon,"Conrad, Joseph",1857,1924,1902--,1902,45,22
18,1143.0,Notes on Life & Letters,"Conrad, Joseph",1857,1924,1899--,1899,42,25
19,1202.0,Tales of Unrest,"Conrad, Joseph",1857,1924,1898--,1898,41,26
22,1712.0,The Rescue: A Romance of the Shallows,"Conrad, Joseph",1857,1924,1920--,1920,63,4
23,2021.0,Nostromo: A Tale of the Seaboard,"Conrad, Joseph",1857,1924,1904--,1904,47,20
25,2480.0,Under Western Eyes,"Conrad, Joseph",1857,1924,1911--,1911,54,13
26,5658.0,Lord Jim,"Conrad, Joseph",1857,1924,1900--,1900,43,24
28,8736.0,Gaspar Ruiz,"Conrad, Joseph",1857,1924,1906--,1906,49,18
30,17620.0,The Point Of Honor: A Military Tale,"Conrad, Joseph",1857,1924,1908--,1908,51,16
33,17731.0,"The Nigger Of The ""Narcissus"": A Tale Of The Forecastle","Conrad, Joseph",1857,1924,1897--,1897,40,27
34,17732.0,Tales Of Hearsay,"Conrad, Joseph",1857,1924,1917--,1917,60,7
36,23506.0,Chance: A Tale in Two Parts,"Conrad, Joseph",1857,1924,1913--,1913,56,11
0,3823.0,Thelma,"Corelli, Marie",1855,1924,1887--,1887,32,37
2,4251.0,The Life Everlasting: A Reality of Romance,"Corelli, Marie",1855,1924,1911-1-1,1911,56,13
4,4360.0,Vendetta: A Story of One Forgotten,"Corelli, Marie",1855,1924,1890--,1890,35,34
7,5079.0,Ziska: The Problem of a Wicked Soul,"Corelli, Marie",1855,1924,1898--,1898,43,26
8,5114.0,Ardath: The Story of a Dead Self,"Corelli, Marie",1855,1924,1889--,1889,34,35
9,5165.0,Innocent : her fancy and his fact,"Corelli, Marie",1855,1924,1913--,1913,58,11
10,6921.0,Temporal Power: A Study in Supremacy,"Corelli, Marie",1855,1924,1902--,1902,47,22
11,18449.0,The Treasure of Heaven: A Romance of Riches,"Corelli, Marie",1855,1924,1906-8-1,1906,51,18
12,42332.0,"The Sorrows of Satan: or, The Strange Experience of One Geoffrey Tempest, Millionaire: A Romance","Corelli, Marie",1855,1924,1895-1-1,1895,40,29
3,561.0,The Further Adventures of Robinson Crusoe,"Defoe, Daniel",,1731,1719--,1719,,12
4,2051.0,"Dickory Cronke: The Dumb Philosopher, or, Great Britain's Wonder","Defoe, Daniel",,1731,1719--,1719,,12
5,4087.0,An Essay Upon Projects,"Defoe, Daniel",,1731,1697--,1697,,34
7,7089.0,"The Consolidator; or, Memoirs of Sundry Transactions from the World in the Moon","Defoe, Daniel",,1731,1705--,1705,,26
10,11866.0,"The Life and Most Surprising Adventures of Robinson Crusoe, of York, Mariner (1801)","Defoe, Daniel",,1731,1719-4-25,1719,,12
12,12623.0,The Life and Adventures of Robinson Crusoe (1808),"Defoe, Daniel",,1731,1719-4-25,1719,,12
13,14065.0,The History of the Remarkable Life of John Sheppard: Containing a Particular Account of His Many Robberies and Escapes,"Defoe, Daniel",,1731,1724--,1724,,7
14,14084.0,A Vindication of the Press,"Defoe, Daniel",,1731,2004-11-18,2004,,-273
15,14436.0,Military Memoirs of Capt. George Carleton,"Defoe, Daniel",,1731,2002-5-,2002,,-271
16,14442.0,Memoirs of Major Alexander Ramkins (1718),"Defoe, Daniel",,1731,2005-2-17,2005,,-274
17,17221.0,History of the Plague in London,"Defoe, Daniel",,1731,2013-9-28,2013,,-282
19,30344.0,The Fortunate Mistress (Parts 1 and 2): or a History of the Life of Mademoiselle de Beleau Known by the Name of the Lady Roxana,"Defoe, Daniel",,1731,1724--,1724,,7
20,31053.0,"The History of the Devil, As Well Ancient as Modern: In Two Parts","Defoe, Daniel",,1731,1726--,1726,,5
21,35774.0,A New Voyage Round the World by a Course Never Sailed Before,"Defoe, Daniel",,1731,1904-1-1,1904,,-173
1,11520.0,The Obstacle Race,"Dell, Ethel M. (Ethel May)",1881,1939,1921--,1921,40,18
3,12484.0,The Knave of Diamonds,"Dell, Ethel M. (Ethel May)",1881,1939,1913--,1913,32,26
4,12516.0,The Way of an Eagle,"Dell, Ethel M. (Ethel May)",1881,1939,1910--,1910,29,29
5,13497.0,Greatheart,"Dell, Ethel M. (Ethel May)",1881,1939,1912--,1912,31,27
6,13547.0,The Rocks of Valpré,"Dell, Ethel M. (Ethel May)",1881,1939,1913--,1913,32,26
7,13553.0,The Tidal Wave and Other Stories,"Dell, Ethel M. (Ethel May)",1881,1939,1920--,1920,39,19
8,13763.0,The Lamp in the Desert,"Dell, Ethel M. (Ethel May)",1881,1939,1919--,1919,38,20
9,13774.0,Rosa Mundi and Other Stories,"Dell, Ethel M. (Ethel May)",1881,1939,1921-1-1,1921,40,18
11,15013.0,The Keeper of the Door,"Dell, Ethel M. (Ethel May)",1881,1939,1915-1-1,1915,34,24
12,16380.0,The Odds: And Other Stories,"Dell, Ethel M. (Ethel May)",1881,1939,1922--,1922,41,17
14,18644.0,The Swindler and Other Stories,"Dell, Ethel M. (Ethel May)",1881,1939,1920--,1920,39,19
0,46.0,A Christmas Carol in Prose; Being a Ghost Story of Christmas,"Dickens, Charles",1812,1870,1843-12-19,1843,31,27
1,98.0,A Tale of Two Cities,"Dickens, Charles",1812,1870,1859--,1859,47,11
2,564.0,The Mystery of Edwin Drood,"Dickens, Charles",1812,1870,1870--,1870,58,0
3,580.0,The Pickwick Papers,"Dickens, Charles",1812,1870,1837--,1837,25,33
6,653.0,The Chimes: A Goblin Story of Some Bells That Rang an Old Year out and a New Year In,"Dickens, Charles",1812,1870,1844--,1844,32,26
7,676.0,The Battle of Life,"Dickens, Charles",1812,1870,1846--,1846,34,24
9,700.0,The Old Curiosity Shop,"Dickens, Charles",1812,1870,1840--,1840,28,30
10,730.0,Oliver Twist,"Dickens, Charles",1812,1870,1838--,1838,26,32
11,766.0,David Copperfield,"Dickens, Charles",1812,1870,1849--,1849,37,21
12,786.0,Hard Times,"Dickens, Charles",1812,1870,1854--,1854,42,16
14,809.0,Holiday Romance,"Dickens, Charles",1812,1870,1868--,1868,56,2
16,821.0,Dombey and Son,"Dickens, Charles",1812,1870,1848--,1848,36,22
20,883.0,Our Mutual Friend,"Dickens, Charles",1812,1870,1865-11-,1865,53,5
21,888.0,The Lazy Tour of Two Idle Apprentices,"Dickens, Charles",1812,1870,1857--,1857,45,13
23,914.0,The Uncommercial Traveller,"Dickens, Charles",1812,1870,1869--,1869,57,1
24,916.0,Sketches of Young Couples,"Dickens, Charles",1812,1870,1843--,1843,31,27
26,918.0,Sketches of Young Gentlemen,"Dickens, Charles",1812,1870,1838--,1838,26,32
27,924.0,To Be Read at Dusk,"Dickens, Charles",1812,1870,1866-1-1,1866,54,4
29,963.0,Little Dorrit,"Dickens, Charles",1812,1870,1855--,1855,43,15
30,967.0,Nicholas Nickleby,"Dickens, Charles",1812,1870,1839--,1839,27,31
31,968.0,Martin Chuzzlewit,"Dickens, Charles",1812,1870,1844--,1844,32,26
32,1023.0,Bleak House,"Dickens, Charles",1812,1870,1853--,1853,41,17
34,1392.0,The Seven Poor Travellers,"Dickens, Charles",1812,1870,1854--,1854,42,16
36,1400.0,Great Expectations,"Dickens, Charles",1812,1870,1860--,1860,48,10
37,1406.0,The Perils of Certain English Prisoners,"Dickens, Charles",1812,1870,1857--,1857,45,13
40,1414.0,Somebody's Luggage,"Dickens, Charles",1812,1870,1862-1-1,1862,50,8
41,1415.0,Doctor Marigold,"Dickens, Charles",1812,1870,1866--,1866,54,4
42,1416.0,Mrs. Lirriper's Lodgings,"Dickens, Charles",1812,1870,1864--,1864,52,6
44,1421.0,Mrs. Lirriper's Legacy,"Dickens, Charles",1812,1870,1864-3-23,1864,52,6
45,1422.0,Going into Society,"Dickens, Charles",1812,1870,1859--,1859,47,11
46,1423.0,No Thoroughfare,"Dickens, Charles",1812,1870,1867--,1867,55,3
48,1465.0,The Wreck of the Golden Mary,"Dickens, Charles",1812,1870,1856--,1856,44,14
50,2324.0,A House to Let,"Dickens, Charles",1812,1870,1858--,1858,46,12
53,20795.0,The Cricket on the Hearth,"Dickens, Charles",1812,1870,1845--,1845,33,25
54,24022.0,A Christmas Carol,"Dickens, Charles",1812,1870,1843--,1843,31,27
58,27924.0,Mugby Junction,"Dickens, Charles",1812,1870,1866--,1866,54,4
59,30127.0,Tales from Dickens,"Dickens, Charles",1812,1870,1860--,1860,48,10
60,30368.0,A Christmas Carol: The original manuscript,"Dickens, Charles",1812,1870,1843--,1843,31,27
64,37581.0,The Cricket on the Hearth: A Fairy Tale of Home,"Dickens, Charles",1812,1870,1845--,1845,33,25
65,40723.0,The Battle of Life. A Love Story,"Dickens, Charles",1812,1870,1846--,1846,34,24
67,42232.0,A Child's Dream of a Star,"Dickens, Charles",1812,1870,1850-3-18,1850,38,20
1,126.0,The Poison Belt,"Doyle, Arthur Conan",1859,1930,1913--,1913,54,17
2,139.0,The Lost World,"Doyle, Arthur Conan",1859,1930,1912--,1912,53,18
3,221.0,The Return of Sherlock Holmes,"Doyle, Arthur Conan",1859,1930,1905-2-,1905,46,25
4,244.0,A Study in Scarlet,"Doyle, Arthur Conan",1859,1930,1887--,1887,28,43
7,355.0,The Parasite: A Story,"Doyle, Arthur Conan",1859,1930,1894--,1894,35,36
8,356.0,Beyond the City,"Doyle, Arthur Conan",1859,1930,1892--,1892,33,38
11,834.0,The Memoirs of Sherlock Holmes,"Doyle, Arthur Conan",1859,1930,1894--,1894,35,36
12,903.0,The White Company,"Doyle, Arthur Conan",1859,1930,1891--,1891,32,39
13,1644.0,The Adventures of Gerard,"Doyle, Arthur Conan",1859,1930,1903-1-1,1903,44,27
14,1661.0,The Adventures of Sherlock Holmes,"Doyle, Arthur Conan",1859,1930,1892--,1892,33,38
15,2097.0,The Sign of the Four,"Doyle, Arthur Conan",1859,1930,1890--,1890,31,40
16,2343.0,The Adventure of Wisteria Lodge,"Doyle, Arthur Conan",1859,1930,1908--,1908,49,22
17,2344.0,The Adventure of the Cardboard Box,"Doyle, Arthur Conan",1859,1930,1892--,1892,33,38
18,2345.0,The Adventure of the Red Circle,"Doyle, Arthur Conan",1859,1930,1911--,1911,52,19
20,2347.0,The Adventure of the Dying Detective,"Doyle, Arthur Conan",1859,1930,1913--,1913,54,17
21,2348.0,The Disappearance of Lady Frances Carfax,"Doyle, Arthur Conan",1859,1930,1911--,1911,52,19
22,2349.0,The Adventure of the Devil's Foot,"Doyle, Arthur Conan",1859,1930,1917-8-4,1917,58,13
23,2350.0,His Last Bow: An Epilogue of Sherlock Holmes,"Doyle, Arthur Conan",1859,1930,1917-10-22,1917,58,13
24,2845.0,Sir Nigel,"Doyle, Arthur Conan",1859,1930,1906-1-1,1906,47,24
26,3070.0,The Hound of the Baskervilles,"Doyle, Arthur Conan",1859,1930,1902-4-1,1902,43,28
28,3776.0,The Valley of Fear,"Doyle, Arthur Conan",1859,1930,1914-9-,1914,55,16
29,4295.0,Songs of Action,"Doyle, Arthur Conan",1859,1930,1898--,1898,39,32
31,5260.0,"A Duet, with an Occasional Chorus","Doyle, Arthur Conan",1859,1930,1899--,1899,40,31
32,5317.0,Through the Magic Door,"Doyle, Arthur Conan",1859,1930,1907--,1907,48,23
33,7964.0,The Mystery of Cloomber,"Doyle, Arthur Conan",1859,1930,1888--,1888,29,42
34,8394.0,The Doings of Raffles Haw,"Doyle, Arthur Conan",1859,1930,1919--,1919,60,11
39,11247.0,The Exploits of Brigadier Gerard,"Doyle, Arthur Conan",1859,1930,1896--,1896,37,34
40,11413.0,The Refugees: A Tale of Two Continents,"Doyle, Arthur Conan",1859,1930,1893-1-1,1893,34,37
42,12555.0,The Tragedy of the Korosko,"Doyle, Arthur Conan",1859,1930,1898-2-12,1898,39,32
43,13152.0,The Firm of Girdlestone,"Doyle, Arthur Conan",1859,1930,1890--,1890,31,40
47,22357.0,Danger! and Other Stories,"Doyle, Arthur Conan",1859,1930,1919-1-1,1919,60,11
48,23059.0,My Friend The Murderer,"Doyle, Arthur Conan",1859,1930,1893--,1893,34,37
50,32777.0,The Great Keinplatz Experiment and Other Tales of Twilight and the Unseen,"Doyle, Arthur Conan",1859,1930,1919--,1919,60,11
51,34627.0,"The Dealings of Captain Sharkey, and Other Tales of Pirates","Doyle, Arthur Conan",1859,1930,1900--,1900,41,30
53,36050.0,Rodney Stone,"Doyle, Arthur Conan",1859,1930,1896--,1896,37,34
55,38443.0,The Croxley Master: A Great Tale Of The Prize Ring,"Doyle, Arthur Conan",1859,1930,1899--,1899,40,31
1,4282.0,Don Rodriguez; Chronicles of Shadow Valley,"Dunsany, Lord",1878,1957,1922--,1922,44,35
3,7477.0,The Book of Wonder,"Dunsany, Lord",1878,1957,1912--,1912,34,45
4,7838.0,Fifty-One Tales,"Dunsany, Lord",1878,1957,1915--,1915,37,42
5,8129.0,A Dreamer's Tales,"Dunsany, Lord",1878,1957,1910--,1910,32,47
6,8183.0,Time and the Gods,"Dunsany, Lord",1878,1957,1906--,1906,28,51
7,8395.0,The Gods of Pegana,"Dunsany, Lord",1878,1957,1905--,1905,27,52
8,10806.0,The Sword of Welleran and Other Stories,"Dunsany, Lord",1878,1957,1908--,1908,30,49
9,11283.0,Plays of Gods and Men,"Dunsany, Lord",1878,1957,1917--,1917,39,40
10,11440.0,Tales of Three Hemispheres,"Dunsany, Lord",1878,1957,1919--,1919,41,38
0,145.0,Middlemarch,"Eliot, George",1819,1880,1871--,1871,52,9
1,507.0,Adam Bede,"Eliot, George",1819,1880,1859--,1859,40,21
2,550.0,Silas Marner,"Eliot, George",1819,1880,1861--,1861,42,19
3,2165.0,The Lifted Veil,"Eliot, George",1819,1880,1859-7-,1859,40,21
4,2171.0,Brother Jacob,"Eliot, George",1819,1880,1878--,1878,59,2
5,6688.0,The Mill on the Floss,"Eliot, George",1819,1880,1880--,1880,61,0
6,7469.0,Daniel Deronda,"Eliot, George",1819,1880,1876--,1876,57,4
7,10762.0,Impressions of Theophrastus Such,"Eliot, George",1819,1880,1879--,1879,60,1
8,17780.0,Scenes of Clerical Life,"Eliot, George",1819,1880,1857--,1857,38,23
10,20813.0,How Lisa Loved the King,"Eliot, George",1819,1880,1869--,1869,50,11
11,24020.0,Romola,"Eliot, George",1819,1880,1863--,1863,44,17
13,40882.0,"Felix Holt, the Radical","Eliot, George",1819,1880,1866--,1866,47,14
0,2025.0,My Lady Caprice,"Farnol, Jeffery",1878,1952,1906--,1906,28,46
1,2424.0,Black Bartlemy's Treasure,"Farnol, Jeffery",1878,1952,1920--,1920,42,32
2,5257.0,The Broad Highway,"Farnol, Jeffery",1878,1952,1910--,1910,32,42
3,7059.0,Peregrine's Progress,"Farnol, Jeffery",1878,1952,1922-10-,1922,44,30
4,8165.0,The Geste of Duke Jocelyn,"Farnol, Jeffery",1878,1952,1919--,1919,41,33
5,9835.0,Martin Conisby's Vengeance,"Farnol, Jeffery",1878,1952,1921-9-,1921,43,31
6,9879.0,The Amateur Gentleman,"Farnol, Jeffery",1878,1952,1913--,1913,35,39
7,10064.0,Beltane the Smith,"Farnol, Jeffery",1878,1952,1915--,1915,37,37
9,16074.0,The Definite Object: A Romance of New York,"Farnol, Jeffery",1878,1952,1917--,1917,39,35
10,24922.0,The Honourable Mr. Tawnish,"Farnol, Jeffery",1878,1952,1913--,1913,35,39
11,33597.0,Our Admirable Betty: A Romance,"Farnol, Jeffery",1878,1952,1918--,1918,40,34
0,2192.0,The Dark Flower,"Galsworthy, John",1867,1933,1913--,1913,46,20
1,2309.0,The Freelands,"Galsworthy, John",1867,1933,1915--,1915,48,18
3,2559.0,"The Forsyte Saga, Volume I.: The Man Of Property","Galsworthy, John",1867,1933,1921--,1921,54,12
4,2594.0,"The Forsyte Saga, Volume II.: Indian Summer of a Forsyte; In Chancery","Galsworthy, John",1867,1933,1921--,1921,54,12
7,2683.0,Saint's Progress,"Galsworthy, John",1867,1933,1919--,1919,52,14
9,2771.0,The Island Pharisees,"Galsworthy, John",1867,1933,1908--,1908,41,25
10,2772.0,The Country House,"Galsworthy, John",1867,1933,1907--,1907,40,26
11,2773.0,Fraternity,"Galsworthy, John",1867,1933,1909--,1909,42,24
12,2774.0,The Patrician,"Galsworthy, John",1867,1933,1911--,1911,44,22
17,2905.0,The Burning Spear: Being the Experiences of Mr. John Lavender in the Time of War,"Galsworthy, John",1867,1933,1919--,1919,52,14
18,2906.0,The Silver Box: A Comedy in Three Acts,"Galsworthy, John",1867,1933,1911--,1911,44,22
20,2908.0,Strife: A Drama in Three Acts,"Galsworthy, John",1867,1933,1909--,1909,42,24
24,2912.0,The Fugitive: A Play in Four Acts,"Galsworthy, John",1867,1933,1913-2-,1913,46,20
25,2913.0,The Pigeon: A Fantasy in Three Acts,"Galsworthy, John",1867,1933,1912--,1912,45,21
26,2914.0,The Mob: A Play in Four Acts,"Galsworthy, John",1867,1933,1914--,1914,47,19
27,2915.0,A Bit O' Love,"Galsworthy, John",1867,1933,1894--,1894,27,39
28,2916.0,The Foundations (An Extravagant Play),"Galsworthy, John",1867,1933,1920--,1920,53,13
29,2917.0,The Skin Game (A Tragi-Comedy),"Galsworthy, John",1867,1933,1920--,1920,53,13
30,2918.0,The First and the Last: A Drama in Three Scenes,"Galsworthy, John",1867,1933,1919--,1919,52,14
39,4764.0,A Family Man : in three acts,"Galsworthy, John",1867,1933,1922--,1922,55,11
0,1463.0,The Private Papers of Henry Ryecroft,"Gissing, George",1857,1903,1902--,1902,45,1
1,1709.0,New Grub Street,"Gissing, George",1857,1903,1891--,1891,34,12
2,4297.0,Eve's Ransom,"Gissing, George",1857,1903,1894--,1894,37,9
3,4298.0,The Paying Guest,"Gissing, George",1857,1903,1885--,1885,28,18
4,4299.0,The Whirlpool,"Gissing, George",1857,1903,1897--,1897,40,6
5,4301.0,The Nether World,"Gissing, George",1857,1903,1889--,1889,32,14
6,4302.0,Thyrza,"Gissing, George",1857,1903,1887--,1887,30,16
7,4303.0,Denzil Quarrier,"Gissing, George",1857,1903,1892--,1892,35,11
8,4304.0,Our Friend the Charlatan,"Gissing, George",1857,1903,1899--,1899,42,4
9,4305.0,The Unclassed,"Gissing, George",1857,1903,1883--,1883,26,20
11,4307.0,In the Year of Jubilee,"Gissing, George",1857,1903,1893-11-30,1893,36,10
12,4308.0,The Town Traveller,"Gissing, George",1857,1903,1898--,1898,41,5
16,4312.0,A Life's Morning,"Gissing, George",1857,1903,1888--,1888,31,15
17,4313.0,The Odd Women,"Gissing, George",1857,1903,1893--,1893,36,10
18,4526.0,Born in Exile,"Gissing, George",1857,1903,1891--,1891,34,12
19,4541.0,The Crown of Life,"Gissing, George",1857,1903,1899--,1899,42,4
2,9470.0,His Hour,"Glyn, Elinor",1864,1943,1910--,1910,46,33
3,9809.0,The Price of Things,"Glyn, Elinor",1864,1943,1919--,1919,55,24
4,10959.0,The Visits of Elizabeth,"Glyn, Elinor",1864,1943,1900--,1900,36,43
6,11900.0,Elizabeth Visits America,"Glyn, Elinor",1864,1943,1909--,1909,45,34
8,13530.0,Halcyone,"Glyn, Elinor",1864,1943,1912--,1912,48,31
10,17048.0,The Man and the Moment,"Glyn, Elinor",1864,1943,1915--,1915,51,28
12,20512.0,Man and Maid,"Glyn, Elinor",1864,1943,1922--,1922,58,21
13,20718.0,The Damsel and the Sage: A Woman's Whimsies,"Glyn, Elinor",1864,1943,1903--,1903,39,40
14,40893.0,The Career of Katherine Bush,"Glyn, Elinor",1864,1943,1917--,1917,53,26
0,711.0,Allan Quatermain,"Haggard, H. Rider (Henry Rider)",1856,1925,1887--,1887,31,38
1,1207.0,Nada the Lily,"Haggard, H. Rider (Henry Rider)",1856,1925,1892--,1892,36,33
2,1368.0,"When the World Shook: Being an Account of the Great Adventure of Bastin, Bickley and Arbuthnot","Haggard, H. Rider (Henry Rider)",1856,1925,1919--,1919,63,6
3,1690.0,Marie: An Episode in the Life of the Late Allan Quatermain,"Haggard, H. Rider (Henry Rider)",1856,1925,1912--,1912,56,13
4,1711.0,Child of Storm,"Haggard, H. Rider (Henry Rider)",1856,1925,1913--,1913,57,12
5,1724.0,Finished,"Haggard, H. Rider (Henry Rider)",1856,1925,1917--,1917,61,8
6,1848.0,Montezuma's Daughter,"Haggard, H. Rider (Henry Rider)",1856,1925,1893--,1893,37,32
8,2166.0,King Solomon's Mines,"Haggard, H. Rider (Henry Rider)",1856,1925,1885--,1885,29,40
9,2602.0,Queen Sheba's Ring,"Haggard, H. Rider (Henry Rider)",1856,1925,1910--,1910,54,15
10,2713.0,"Maiwa's Revenge; Or, The War of the Little Hand","Haggard, H. Rider (Henry Rider)",1856,1925,1888--,1888,32,37
11,2721.0,Eric Brighteyes,"Haggard, H. Rider (Henry Rider)",1856,1925,1891--,1891,35,34
13,2727.0,Allan's Wife,"Haggard, H. Rider (Henry Rider)",1856,1925,1889--,1889,33,36
14,2728.0,Hunter Quatermain's Story,"Haggard, H. Rider (Henry Rider)",1856,1925,1887--,1887,31,38
15,2729.0,A Tale of Three Lions,"Haggard, H. Rider (Henry Rider)",1856,1925,1887--,1887,31,38
16,2730.0,Long Odds,"Haggard, H. Rider (Henry Rider)",1856,1925,1889--,1889,33,36
17,2761.0,"Benita, an African romance","Haggard, H. Rider (Henry Rider)",1856,1925,1906--,1906,50,19
19,2764.0,The Mahatma and the Hare: A Dream Story,"Haggard, H. Rider (Henry Rider)",1856,1925,1911--,1911,55,14
21,2841.0,The Ivory Child,"Haggard, H. Rider (Henry Rider)",1856,1925,1916--,1916,60,9
25,2857.0,A Yellow God: An Idol of Africa,"Haggard, H. Rider (Henry Rider)",1856,1925,1908--,1908,52,17
27,3094.0,Red Eve,"Haggard, H. Rider (Henry Rider)",1856,1925,1911--,1911,55,14
29,3097.0,The Wanderer's Necklace,"Haggard, H. Rider (Henry Rider)",1856,1925,1914--,1914,58,11
30,3153.0,The Virgin of the Sun,"Haggard, H. Rider (Henry Rider)",1856,1925,1922--,1922,66,3
33,3813.0,The Lady of Blossholme,"Haggard, H. Rider (Henry Rider)",1856,1925,1909--,1909,53,16
34,4074.0,Swallow: A Tale of the Great Trek,"Haggard, H. Rider (Henry Rider)",1856,1925,1899-1-,1899,43,26
35,5174.0,Allan and the Holy Flower,"Haggard, H. Rider (Henry Rider)",1856,1925,1915--,1915,59,10
36,5175.0,Pearl-Maiden: A Tale of the Fall of Jerusalem,"Haggard, H. Rider (Henry Rider)",1856,1925,1903--,1903,47,22
37,5228.0,"Ayesha, the Return of She","Haggard, H. Rider (Henry Rider)",1856,1925,1905--,1905,49,20
38,5745.0,She and Allan,"Haggard, H. Rider (Henry Rider)",1856,1925,1921--,1921,65,4
39,5746.0,The Ancient Allan,"Haggard, H. Rider (Henry Rider)",1856,1925,1920--,1920,64,5
40,5754.0,"Lysbeth, a Tale of the Dutch","Haggard, H. Rider (Henry Rider)",1856,1925,1901--,1901,45,24
41,5764.0,Doctor Therne,"Haggard, H. Rider (Henry Rider)",1856,1925,1898--,1898,42,27
43,6051.0,Stella Fregelius: A Tale of Three Destinies,"Haggard, H. Rider (Henry Rider)",1856,1925,1903--,1903,47,22
44,6073.0,"Smith and the Pharaohs, and other Tales","Haggard, H. Rider (Henry Rider)",1856,1925,1920--,1920,64,5
45,6769.0,The People of the Mist,"Haggard, H. Rider (Henry Rider)",1856,1925,1894--,1894,38,31
46,8184.0,The Ghost Kings,"Haggard, H. Rider (Henry Rider)",1856,1925,1908--,1908,52,17
47,9780.0,Fair Margaret,"Haggard, H. Rider (Henry Rider)",1856,1925,1907--,1907,51,18
49,11882.0,"Colonel Quaritch, V.C.: A Tale of Country Life","Haggard, H. Rider (Henry Rider)",1856,1925,1888--,1888,32,37
50,11913.0,Mr. Meeson's Will,"Haggard, H. Rider (Henry Rider)",1856,1925,1888--,1888,32,37
1,107.0,Far from the Madding Crowd,"Hardy, Thomas",1840,1928,1874--,1874,34,54
2,110.0,Tess of the d'Urbervilles: A Pure Woman,"Hardy, Thomas",1840,1928,1891-4-1,1891,51,37
4,143.0,The Mayor of Casterbridge,"Hardy, Thomas",1840,1928,1886--,1886,46,42
5,153.0,Jude the Obscure,"Hardy, Thomas",1840,1928,1895--,1895,55,33
6,224.0,A Pair of Blue Eyes,"Hardy, Thomas",1840,1928,1873--,1873,33,55
7,482.0,The Woodlanders,"Hardy, Thomas",1840,1928,1887--,1887,47,41
10,2864.0,The Trumpet-Major,"Hardy, Thomas",1840,1928,1880--,1880,40,48
11,2996.0,The Romantic Adventures of a Milkmaid,"Hardy, Thomas",1840,1928,1896--,1896,56,32
12,2997.0,"Time's Laughingstocks, and Other Verses","Hardy, Thomas",1840,1928,1909--,1909,69,19
13,3044.0,Desperate Remedies,"Hardy, Thomas",1840,1928,1871--,1871,31,57
15,3049.0,A Group of Noble Dames,"Hardy, Thomas",1840,1928,1891--,1891,51,37
16,3056.0,Wessex Tales,"Hardy, Thomas",1840,1928,1888--,1888,48,40
18,3146.0,Two on a Tower,"Hardy, Thomas",1840,1928,1882--,1882,42,46
20,3168.0,Poems of the Past and the Present,"Hardy, Thomas",1840,1928,1901--,1901,61,27
22,3258.0,A Laodicean : A Story of To-day,"Hardy, Thomas",1840,1928,1881--,1881,41,47
27,17500.0,The Return of the Native,"Hardy, Thomas",1840,1928,1878--,1878,38,50
1,8464.0,Rest Harrow: A Comedy of Resolution,"Hewlett, Maurice",1861,1923,1910--,1910,49,13
2,8934.0,The Forest Lovers,"Hewlett, Maurice",1861,1923,1898--,1898,37,25
3,14813.0,The Life and Death of Richard Yea-and-Nay,"Hewlett, Maurice",1861,1923,1900--,1900,39,23
4,15495.0,In a Green Shade: A Country Commentary,"Hewlett, Maurice",1861,1923,1920--,1920,59,3
6,20929.0,Little Novels of Italy,"Hewlett, Maurice",1861,1923,1899--,1899,38,24
7,21025.0,The Village Wife's Lament,"Hewlett, Maurice",1861,1923,1918--,1918,57,5
9,22803.0,Helen Redeemed and Other Poems,"Hewlett, Maurice",1861,1923,1913--,1913,52,10
13,45107.0,Frey and His Wife,"Hewlett, Maurice",1861,1923,1916-1-,1916,55,7
0,95.0,The Prisoner of Zenda,"Hope, Anthony",1863,1933,1894--,1894,31,39
1,428.0,Frivolous Cupid,"Hope, Anthony",1863,1933,1895--,1895,32,38
2,1145.0,Rupert of Hentzau: From The Memoirs of Fritz Von Tarlenheim: Sequel to The Prisoner of Zenda,"Hope, Anthony",1863,1933,1898--,1898,35,35
3,1203.0,Dolly Dialogues,"Hope, Anthony",1863,1933,1894--,1894,31,39
6,13909.0,"The Indiscretion of the Duchess: Being a Story Concerning Two Ladies, a Nobleman, and a Necklace","Hope, Anthony",1863,1933,1894--,1894,31,39
7,14755.0,Father Stafford,"Hope, Anthony",1863,1933,1891--,1891,28,42
8,19752.0,Quisanté,"Hope, Anthony",1863,1933,1900--,1900,37,33
9,20328.0,Simon Dale,"Hope, Anthony",1863,1933,1897--,1897,34,36
12,24034.0,The King's Mirror,"Hope, Anthony",1863,1933,1898--,1898,35,35
13,24985.0,Comedies of Courtship,"Hope, Anthony",1863,1933,1896-1-1,1896,33,37
14,28935.0,Captain Dieppe,"Hope, Anthony",1863,1933,1900--,1900,37,33
15,33293.0,The Great Miss Driver,"Hope, Anthony",1863,1933,1908--,1908,45,25
19,40414.0,Sophy of Kravonia: A Novel,"Hope, Anthony",1863,1933,1906--,1906,43,27
20,40570.0,The Chronicles of Count Antonio,"Hope, Anthony",1863,1933,1895--,1895,32,38
24,41438.0,The Heart of Princess Osra,"Hope, Anthony",1863,1933,1896--,1896,33,37
25,41599.0,Mr. Witt's Widow: A Frivolous Tale,"Hope, Anthony",1863,1933,1912-5-1,1912,49,21
26,41822.0,Phroso: A Romance,"Hope, Anthony",1863,1933,1897--,1897,34,36
29,45749.0,A Change of Air,"Hope, Anthony",1863,1933,1894-7-1,1894,31,39
0,2868.0,The Green Mummy,"Hume, Fergus",1859,1932,1908--,1908,49,24
1,4223.0,The Mystery of a Hansom Cab,"Hume, Fergus",1859,1932,1886--,1886,27,46
2,4531.0,The Secret Passage,"Hume, Fergus",1859,1932,1905--,1905,46,27
3,4946.0,Madame Midas,"Hume, Fergus",1859,1932,1888--,1888,29,44
4,15356.0,Red Money,"Hume, Fergus",1859,1932,1912--,1912,53,20
5,19069.0,The Silent House,"Hume, Fergus",1859,1932,1899--,1899,40,33
6,23474.0,The Bishop's Secret,"Hume, Fergus",1859,1932,1900--,1900,41,32
7,24769.0,The Opal Serpent,"Hume, Fergus",1859,1932,1905--,1905,46,27
9,34835.0,The Pagan's Cup,"Hume, Fergus",1859,1932,1902--,1902,43,30
10,35146.0,The Solitary Farm,"Hume, Fergus",1859,1932,1909-7-15,1909,50,23
11,35240.0,A Woman's Burden: A Novel,"Hume, Fergus",1859,1932,1901--,1901,42,31
12,36346.0,The Mandarin's Fan,"Hume, Fergus",1859,1932,1904--,1904,45,28
13,41071.0,A Son of Perdition: An Occult Romance,"Hume, Fergus",1859,1932,1912--,1912,53,20
14,42056.0,The Red Window,"Hume, Fergus",1859,1932,1904--,1904,45,28
0,308.0,Three Men in a Boat,"Jerome, Jerome K. (Jerome Klapka)",1859,1927,1889--,1889,30,38
1,849.0,The Idle Thoughts of an Idle Fellow,"Jerome, Jerome K. (Jerome Klapka)",1859,1927,1886--,1886,27,41
6,865.0,Passing of the Third Floor Back,"Jerome, Jerome K. (Jerome Klapka)",1859,1927,1904--,1904,45,23
8,867.0,Mrs. Korner Sins Her Mercies,"Jerome, Jerome K. (Jerome Klapka)",1859,1927,1904--,1904,45,23
9,868.0,The Philosopher's Joke,"Jerome, Jerome K. (Jerome Klapka)",1859,1927,1909--,1909,50,18
12,1334.0,Paul Kelver,"Jerome, Jerome K. (Jerome Klapka)",1859,1927,1902--,1902,43,25
13,1915.0,The Second Thoughts of an Idle Fellow,"Jerome, Jerome K. (Jerome Klapka)",1859,1927,1898--,1898,39,29
14,1993.0,Told After Supper,"Jerome, Jerome K. (Jerome Klapka)",1859,1927,1891--,1891,32,36
15,2023.0,Malvina of Brittany,"Jerome, Jerome K. (Jerome Klapka)",1859,1927,1917--,1917,58,10
16,2024.0,Diary of a Pilgrimage,"Jerome, Jerome K. (Jerome Klapka)",1859,1927,1891--,1891,32,36
17,2037.0,Novel Notes,"Jerome, Jerome K. (Jerome Klapka)",1859,1927,1893--,1893,34,34
18,2183.0,Three Men on the Bummel,"Jerome, Jerome K. (Jerome Klapka)",1859,1927,1900-1-1,1900,41,27
19,2195.0,The Master of Mrs. Chilvers: An Improbable Comedy,"Jerome, Jerome K. (Jerome Klapka)",1859,1927,1911--,1911,52,16
20,2231.0,All Roads Lead to Calvary,"Jerome, Jerome K. (Jerome Klapka)",1859,1927,1919--,1919,60,8
21,2234.0,"Sketches in Lavender, Blue and Green","Jerome, Jerome K. (Jerome Klapka)",1859,1927,1897--,1897,38,30
22,2353.0,Tea-Table Talk,"Jerome, Jerome K. (Jerome Klapka)",1859,1927,1903--,1903,44,24
23,2356.0,Tommy and Co.,"Jerome, Jerome K. (Jerome Klapka)",1859,1927,1904--,1904,45,23
26,2525.0,"John Ingerfield, and Other Stories","Jerome, Jerome K. (Jerome Klapka)",1859,1927,1894--,1894,35,33
27,2829.0,Fanny and the Servant Problem,"Jerome, Jerome K. (Jerome Klapka)",1859,1927,1909--,1909,50,18
28,3140.0,Idle Ideas in 1905,"Jerome, Jerome K. (Jerome Klapka)",1859,1927,1905--,1905,46,22
4,1858.0,Plain Tales from the Hills,"Kipling, Rudyard",1865,1936,1888--,1888,23,48
6,2138.0,The Day's Work - Part 01,"Kipling, Rudyard",1865,1936,1898--,1898,33,38
13,2381.0,Actions and Reactions,"Kipling, Rudyard",1865,1936,1909--,1909,44,27
16,2806.0,"The Phantom 'Rickshaw, and Other Ghost Stories","Kipling, Rudyard",1865,1936,1888--,1888,23,48
17,2819.0,Barrack Room Ballads,"Kipling, Rudyard",1865,1936,1900-1-1,1900,35,36
19,2828.0,Under the Deodars,"Kipling, Rudyard",1865,1936,1888-1-1,1888,23,48
20,2876.0,The Light That Failed,"Kipling, Rudyard",1865,1936,1890--,1890,25,46
21,3006.0,Stalky & Co.,"Kipling, Rudyard",1865,1936,1897--,1897,32,39
25,8147.0,The Man Who Would Be King,"Kipling, Rudyard",1865,1936,1888--,1888,23,48
27,9790.0,Traffics and Discoveries,"Kipling, Rudyard",1865,1936,1904--,1904,39,32
32,21777.0,The Years Between,"Kipling, Rudyard",1865,1936,1919--,1919,54,17
34,26027.0,Puck of Pook's Hill,"Kipling, Rudyard",1865,1936,1906--,1906,41,30
35,27870.0,The Seven Seas,"Kipling, Rudyard",1865,1936,1896--,1896,31,40
39,32488.0,Just So Stories,"Kipling, Rudyard",1865,1936,1902--,1902,37,34
40,32772.0,Rewards and Fairies,"Kipling, Rudyard",1865,1936,1910--,1910,45,26
42,34113.0,An Almanac of Twelve Sports,"Kipling, Rudyard",1865,1936,1897--,1897,32,39
43,35555.0,Kim,"Kipling, Rudyard",1865,1936,1901--,1901,36,35
44,35997.0,The Jungle Book,"Kipling, Rudyard",1865,1936,1894--,1894,29,42
46,37364.0,The Second Jungle Book,"Kipling, Rudyard",1865,1936,1895--,1895,30,41
0,738.0,The Puzzle of Dickens's Last Plot,"Lang, Andrew",1844,1912,1905--,1905,61,7
1,1054.0,A Collection of Ballads,"Lang, Andrew",1844,1912,1897--,1897,53,15
2,1060.0,Grass of Parnassus,"Lang, Andrew",1844,1912,1889--,1889,45,23
3,1491.0,Letters to Dead Authors,"Lang, Andrew",1844,1912,1886--,1886,42,26
4,1631.0,"A Monk of Fife: Being the Chronicle Written by Norman Leslie of Pitcullo, Concerning Marvellous Deeds That Befell in the Realm of France, in the Years of Our Redemption, MCCCCXXIX-XXXI","Lang, Andrew",1844,1912,1895--,1895,51,17
8,1991.0,Old Friends: Essays in Epistolary Parody,"Lang, Andrew",1844,1912,1890--,1890,46,22
9,1994.0,Adventures Among Books,"Lang, Andrew",1844,1912,1905--,1905,61,7
15,5127.0,"Shakespeare, Bacon, and the Great Unknown","Lang, Andrew",1844,1912,1912-1-1,1912,68,0
18,17031.0,The Disentanglers,"Lang, Andrew",1844,1912,1902--,1902,58,10
21,21933.0,Much Darker Days,"Lang, Andrew",1844,1912,1884--,1884,40,28
0,461.0,The Quest of the Golden Girl: A Romance,"Le Gallienne, Richard",1866,1947,1896--,1896,30,51
1,3267.0,Old Love Stories Retold,"Le Gallienne, Richard",1866,1947,1904--,1904,38,43
2,10447.0,October Vagabonds,"Le Gallienne, Richard",1866,1947,1910--,1910,44,37
3,10457.0,The Lonely Dancer and Other Poems,"Le Gallienne, Richard",1866,1947,1913--,1913,47,34
4,10812.0,The Worshipper of the Image,"Le Gallienne, Richard",1866,1947,1899--,1899,33,48
5,10826.0,The Book-Bills of Narcissus: An Account Rendered by Richard Le Gallienne,"Le Gallienne, Richard",1866,1947,1891--,1891,25,56
6,10910.0,"Robert Louis Stevenson, an Elegy; and Other Poems","Le Gallienne, Richard",1866,1947,1895--,1895,29,52
8,10922.0,Young Lives,"Le Gallienne, Richard",1866,1947,1899--,1899,33,48
9,10949.0,The Romance of Zion Chapel [3d ed.],"Le Gallienne, Richard",1866,1947,1898--,1898,32,49
10,11675.0,Vanishing Roads and Other Essays,"Le Gallienne, Richard",1866,1947,1915--,1915,49,32
11,14103.0,Prose Fancies (Second Series),"Le Gallienne, Richard",1866,1947,1896--,1896,30,51
12,15025.0,Prose Fancies,"Le Gallienne, Richard",1866,1947,1894--,1894,28,53
13,17619.0,A Jongleur Strayed: Verses on Love and Other Matters Sacred and Profane,"Le Gallienne, Richard",1866,1947,1922--,1922,56,25
14,17741.0,Pieces of Eight: Being the Authentic Narrative of a Treasure Discovered in the Bahama Islands in the Year 1903,"Le Gallienne, Richard",1866,1947,1918--,1918,52,29
15,19313.0,"The Silk-Hat Soldier, and Other Poems in War Time","Le Gallienne, Richard",1866,1947,1915--,1915,49,32
16,41921.0,"The Maker of Rainbows, and Other Fairy-tales and Fables","Le Gallienne, Richard",1866,1947,1912--,1912,46,35
0,4694.0,Mademoiselle of Monte Carlo,"Le Queux, William",1864,1927,1921--,1921,57,6
1,9795.0,The Four Faces: A Mystery,"Le Queux, William",1864,1927,1914--,1914,50,13
2,10102.0,The Czar's Spy: The Mystery of a Silent Love,"Le Queux, William",1864,1927,1905--,1905,41,22
3,10718.0,The House of Whispers,"Le Queux, William",1864,1927,1909--,1909,45,18
5,22720.0,The Minister of Evil: The Secret History of Rasputin's Betrayal of Russia,"Le Queux, William",1864,1927,1918--,1918,54,9
6,25499.0,The Great White Queen: A Tale of Treasure and Treason,"Le Queux, William",1864,1927,1896--,1896,32,31
7,26637.0,The Mystery of the Green Ray,"Le Queux, William",1864,1927,1915--,1915,51,12
8,27147.0,The Stretton Street Affair,"Le Queux, William",1864,1927,1922--,1922,58,5
10,27705.0,The Golden Face: A Great 'Crook' Romance,"Le Queux, William",1864,1927,1922--,1922,58,5
11,28337.0,Hushed Up! A Mystery of London,"Le Queux, William",1864,1927,1911--,1911,47,16
13,30477.0,The Sign of Silence,"Le Queux, William",1864,1927,1915--,1915,51,12
14,30827.0,The Count's Chauffeur,"Le Queux, William",1864,1927,1907--,1907,43,20
16,33298.0,Spies of the Kaiser: Plotting the Downfall of England,"Le Queux, William",1864,1927,1909--,1909,45,18
18,40828.0,The Closed Book: Concerning the Secret of the Borgias,"Le Queux, William",1864,1927,1904--,1904,40,23
24,40835.0,The Pauper of Park Lane,"Le Queux, William",1864,1927,1908--,1908,44,19
27,40994.0,Zoraida: A Romance of the Harem and the Great Sahara,"Le Queux, William",1864,1927,1895--,1895,31,32
28,40995.0,The Zeppelin Destroyer: Being Some Chapters of Secret History,"Le Queux, William",1864,1927,1916--,1916,52,11
29,40996.0,In White Raiment,"Le Queux, William",1864,1927,1900--,1900,36,27
30,40997.0,As We Forgive Them,"Le Queux, William",1864,1927,1904--,1904,40,23
35,41002.0,If Sinners Entice Thee,"Le Queux, William",1864,1927,1898--,1898,34,29
46,41131.0,"Number 70, Berlin: A Story of Britain's Peril","Le Queux, William",1864,1927,1916--,1916,52,11
48,41184.0,Whither Thou Goest,"Le Queux, William",1864,1927,1920--,1920,56,7
49,41185.0,The Voice from the Void: The Great Wireless Mystery,"Le Queux, William",1864,1927,1922--,1922,58,5
50,41186.0,Sant of the Secret Service: Some Revelations of Spies and Spying,"Le Queux, William",1864,1927,1918--,1918,54,9
55,41455.0,The Lady in the Car,"Le Queux, William",1864,1927,1908--,1908,44,19
56,41456.0,Guilty Bonds,"Le Queux, William",1864,1927,1891--,1891,27,36
57,41458.0,The Gay Triangle: The Romance of the First Air Adventurers,"Le Queux, William",1864,1927,1922--,1922,58,5
0,225.0,At the Back of the North Wind,"MacDonald, George",1824,1905,1871--,1871,47,34
2,697.0,The Light Princess,"MacDonald, George",1824,1905,1864--,1864,40,41
3,1640.0,Lilith: A Romance,"MacDonald, George",1824,1905,1895-11-27,1895,71,10
6,2370.0,Sir Gibbie,"MacDonald, George",1824,1905,1879--,1879,55,26
9,5676.0,A Double Story,"MacDonald, George",1824,1905,1875--,1875,51,30
13,5753.0,St. George and St. Michael,"MacDonald, George",1824,1905,1876--,1876,52,29
18,5969.0,What's Mine's Mine — Complete,"MacDonald, George",1824,1905,1886--,1886,62,19
30,8562.0,"The Seaboard Parish, Complete","MacDonald, George",1824,1905,1868--,1868,44,37
32,8886.0,A Rough Shaking,"MacDonald, George",1824,1905,1890--,1890,66,15
34,8902.0,The Flight of the Shadow,"MacDonald, George",1824,1905,1891--,1891,67,14
40,8955.0,Far Above Rubies,"MacDonald, George",1824,1905,1898--,1898,74,7
44,9183.0,Wilfrid Cumbermede,"MacDonald, George",1824,1905,1872--,1872,48,33
46,9393.0,"A Dish of Orts : Chiefly Papers on the Imagination, and on Shakespeare","MacDonald, George",1824,1905,1893--,1893,69,12
47,9471.0,The Vicar's Daughter,"MacDonald, George",1824,1905,1872--,1872,48,33
51,10578.0,A Hidden Life and Other Poems,"MacDonald, George",1824,1905,1864--,1864,40,41
53,18810.0,Alec Forbes of Howglen,"MacDonald, George",1824,1905,1865--,1865,41,40
9,4405.0,The Shaving of Shagpat; an Arabian entertainment — Complete,"Meredith, George",1828,1909,1856--,1856,28,53
16,4412.0,The Ordeal of Richard Feverel — Complete,"Meredith, George",1828,1909,1859--,1859,31,50
24,4420.0,Sandra Belloni (originally Emilia in England) — Complete,"Meredith, George",1828,1909,1864--,1864,36,45
64,4460.0,Beauchamp's Career — Complete,"Meredith, George",1828,1909,1875--,1875,47,34
74,4470.0,Diana of the Crossways — Complete,"Meredith, George",1828,1909,1885--,1885,57,24
80,4476.0,One of Our Conquerors — Complete,"Meredith, George",1828,1909,1891--,1891,63,18
97,4493.0,The Case of General Ople and Lady Camper,"Meredith, George",1828,1909,1890--,1890,62,19
99,4495.0,The House on the Beach: A Realistic Tale,"Meredith, George",1828,1909,1877--,1877,49,32
0,27476.0,The Sign of the Spider,"Mitford, Bertram",1855,1914,1897--,1897,42,17
2,32566.0,The Triumph of Hilary Blachland,"Mitford, Bertram",1855,1914,1901--,1901,46,13
3,32567.0,Forging the Blades: A Tale of the Zulu Rebellion,"Mitford, Bertram",1855,1914,1903--,1903,48,11
4,32568.0,A Frontier Mystery,"Mitford, Bertram",1855,1914,1905--,1905,50,9
6,32893.0,The White Shield,"Mitford, Bertram",1855,1914,1895--,1895,40,19
10,32911.0,The White Hand and the Black: A Story of the Natal Rising,"Mitford, Bertram",1855,1914,1907--,1907,52,7
12,32919.0,Renshaw Fanning's Quest: A Tale of the High Veldt,"Mitford, Bertram",1855,1914,1894--,1894,39,20
14,32925.0,The King's Assegai: A Matabili Story,"Mitford, Bertram",1855,1914,1894--,1894,39,20
24,36606.0,The Ruby Sword: A Romance of Baluchistan,"Mitford, Bertram",1855,1914,1899--,1899,44,15
1,778.0,Five Children and It,"Nesbit, E. (Edith)",1858,1924,1902--,1902,44,22
2,794.0,The Wouldbegoods: Being the Further Adventures of the Treasure Seekers,"Nesbit, E. (Edith)",1858,1924,1901--,1901,43,23
3,836.0,The Phoenix and the Carpet,"Nesbit, E. (Edith)",1858,1924,1904--,1904,46,20
4,837.0,The Story of the Amulet,"Nesbit, E. (Edith)",1858,1924,1906--,1906,48,18
5,1874.0,The Railway Children,"Nesbit, E. (Edith)",1858,1924,1906--,1906,48,18
8,9385.0,The Incomplete Amorist,"Nesbit, E. (Edith)",1858,1924,1906--,1906,48,18
9,28804.0,Oswald Bastable and Others,"Nesbit, E. (Edith)",1858,1924,1905--,1905,47,19
12,40321.0,Grim Tales,"Nesbit, E. (Edith)",1858,1924,1893--,1893,35,31
13,41354.0,The Incredible Honeymoon,"Nesbit, E. (Edith)",1858,1924,1916-10-1,1916,58,8
2,10051.0,The Little Pilgrim: Further Experiences.: Stories of the Seen and the Unseen.,"Oliphant, Mrs. (Margaret)",1828,1897,1888--,1888,60,9
3,10052.0,"The Open Door, and the Portrait.: Stories of the Seen and the Unseen.","Oliphant, Mrs. (Margaret)",1828,1897,1881--,1881,53,16
4,11521.0,"A Beleaguered City: Being a Narrative of Certain Recent Events in the City of Semur, in the Department of the Haute Bourgogne. A Story of the Seen and the Unseen","Oliphant, Mrs. (Margaret)",1828,1897,1869--,1869,41,28
5,15410.0,A Little Pilgrim in the Unseen,"Oliphant, Mrs. (Margaret)",1828,1897,1882--,1882,54,15
6,28006.0,The Perpetual Curate,"Oliphant, Mrs. (Margaret)",1828,1897,1864--,1864,36,33
7,28629.0,"Phoebe, Junior","Oliphant, Mrs. (Margaret)",1828,1897,1876--,1876,48,21
8,28637.0,The Marriage of Elinor,"Oliphant, Mrs. (Margaret)",1828,1897,1892--,1892,64,5
13,41286.0,Miss Marjoribanks,"Oliphant, Mrs. (Margaret)",1828,1897,1865--,1865,37,32
19,43811.0,"Merkland; or, Self Sacrifice","Oliphant, Mrs. (Margaret)",1828,1897,1854--,1854,26,43
0,1314.0,The Malefactor,"Oppenheim, E. Phillips (Edward Phillips)",1866,1946,1905--,1905,39,41
1,1442.0,The Kingdom of the Blind,"Oppenheim, E. Phillips (Edward Phillips)",1866,1946,1916--,1916,50,30
2,1447.0,The Illustrious Prince,"Oppenheim, E. Phillips (Edward Phillips)",1866,1946,1910--,1910,44,36
4,1849.0,The Yellow Crayon,"Oppenheim, E. Phillips (Edward Phillips)",1866,1946,1903--,1903,37,43
5,1878.0,A Millionaire of Yesterday,"Oppenheim, E. Phillips (Edward Phillips)",1866,1946,1907--,1907,41,39
6,1931.0,The Zeppelin's Passenger,"Oppenheim, E. Phillips (Edward Phillips)",1866,1946,1918--,1918,52,28
7,1976.0,Peter Ruff and the Double Four,"Oppenheim, E. Phillips (Edward Phillips)",1866,1946,1912--,1912,46,34
9,2767.0,The Devil's Paw,"Oppenheim, E. Phillips (Edward Phillips)",1866,1946,1912--,1912,46,34
10,4233.0,Jeanne of the Marshes,"Oppenheim, E. Phillips (Edward Phillips)",1866,1946,1909--,1909,43,37
11,5091.0,The Tempting of Tavernake,"Oppenheim, E. Phillips (Edward Phillips)",1866,1946,1912--,1912,46,34
12,5743.0,The Evil Shepherd,"Oppenheim, E. Phillips (Edward Phillips)",1866,1946,1922--,1922,56,24
13,5815.0,The Great Impersonation,"Oppenheim, E. Phillips (Edward Phillips)",1866,1946,1920--,1920,54,26
14,8878.0,The Mischief-Maker,"Oppenheim, E. Phillips (Edward Phillips)",1866,1946,1913--,1913,47,33
15,9664.0,An Amiable Charlatan,"Oppenheim, E. Phillips (Edward Phillips)",1866,1946,1915--,1915,49,31
16,9836.0,The Pawns Count,"Oppenheim, E. Phillips (Edward Phillips)",1866,1946,1918--,1918,52,28
19,9923.0,The Box with Broken Seals,"Oppenheim, E. Phillips (Edward Phillips)",1866,1946,1919--,1919,53,27
21,10534.0,The Double Traitor,"Oppenheim, E. Phillips (Edward Phillips)",1866,1946,1915--,1915,49,31
23,10575.0,The Profiteers,"Oppenheim, E. Phillips (Edward Phillips)",1866,1946,1921--,1921,55,25
24,13123.0,The Great Prince Shan,"Oppenheim, E. Phillips (Edward Phillips)",1866,1946,1922--,1922,56,24
25,13369.0,"The Lost Ambassador; Or, The Search For The Missing Delora","Oppenheim, E. Phillips (Edward Phillips)",1866,1946,1910--,1910,44,36
26,15893.0,The Lighted Way,"Oppenheim, E. Phillips (Edward Phillips)",1866,1946,1912--,1912,46,34
27,16971.0,A Prince of Sinners,"Oppenheim, E. Phillips (Edward Phillips)",1866,1946,1903--,1903,37,43
30,17063.0,A Lost Leader,"Oppenheim, E. Phillips (Edward Phillips)",1866,1946,1907--,1907,41,39
31,17103.0,The Double Life Of Mr. Alfred Burton,"Oppenheim, E. Phillips (Edward Phillips)",1866,1946,1913--,1913,47,33
34,17356.0,Nobody's Man,"Oppenheim, E. Phillips (Edward Phillips)",1866,1946,1921--,1921,55,25
36,20611.0,Mr. Grex of Monte Carlo,"Oppenheim, E. Phillips (Edward Phillips)",1866,1946,1915--,1915,49,31
37,26596.0,Anna the Adventuress,"Oppenheim, E. Phillips (Edward Phillips)",1866,1946,1904--,1904,38,42
40,28161.0,The Master Mummer,"Oppenheim, E. Phillips (Edward Phillips)",1866,1946,1904--,1904,38,42
43,30811.0,The Moving Finger,"Oppenheim, E. Phillips (Edward Phillips)",1866,1946,1911--,1911,45,35
44,31535.0,A Monk of Cruta,"Oppenheim, E. Phillips (Edward Phillips)",1866,1946,1894--,1894,28,52
48,34035.0,The Hillman,"Oppenheim, E. Phillips (Edward Phillips)",1866,1946,1917--,1917,51,29
50,35361.0,The Wicked Marquis,"Oppenheim, E. Phillips (Edward Phillips)",1866,1946,1919-1-1,1919,53,27
51,35661.0,Mysterious Mr. Sabin,"Oppenheim, E. Phillips (Edward Phillips)",1866,1946,1898--,1898,32,48
52,39018.0,Mr. Marx's Secret,"Oppenheim, E. Phillips (Edward Phillips)",1866,1946,1899--,1899,33,47
55,45636.0,Stolen Idols,"Oppenheim, E. Phillips (Edward Phillips)",1866,1946,1925--,1925,59,21
2,10548.0,The Westcotes,"Quiller-Couch, Arthur",1863,1944,1902--,1902,39,42
4,12316.0,True Tilda,"Quiller-Couch, Arthur",1863,1944,1909--,1909,46,35
5,12923.0,The Laird's Luck and Other Fireside Tales,"Quiller-Couch, Arthur",1863,1944,1901--,1901,38,43
6,13799.0,Old Fires and Profitable Ghosts: A Book of Stories,"Quiller-Couch, Arthur",1863,1944,1900--,1900,37,44
10,15228.0,Lady Good-for-Nothing: A Man's Portrait of a Woman,"Quiller-Couch, Arthur",1863,1944,1910--,1910,47,34
12,15710.0,"Nicky-Nan, Reservist","Quiller-Couch, Arthur",1863,1944,1915--,1915,52,29
14,16000.0,The Ship of Stars,"Quiller-Couch, Arthur",1863,1944,1899--,1899,36,45
15,16194.0,Corporal Sam and Other Stories,"Quiller-Couch, Arthur",1863,1944,1910--,1910,47,34
17,16890.0,Hetty Wesley,"Quiller-Couch, Arthur",1863,1944,1903--,1903,40,41
19,17263.0,The Astonishing History of Troy Town,"Quiller-Couch, Arthur",1863,1944,1888--,1888,25,56
20,17842.0,Dead Man's Rock,"Quiller-Couch, Arthur",1863,1944,1887--,1887,24,57
21,18577.0,News from the Duchy,"Quiller-Couch, Arthur",1863,1944,1913--,1913,50,31
23,19114.0,Foe-Farrell,"Quiller-Couch, Arthur",1863,1944,1918--,1918,55,26
24,19751.0,The Mayor of Troy,"Quiller-Couch, Arthur",1863,1944,1906--,1906,43,38
25,19977.0,The Blue Pavilions,"Quiller-Couch, Arthur",1863,1944,1891--,1891,28,53
26,20261.0,The Adventures of Harry Revel,"Quiller-Couch, Arthur",1863,1944,1903--,1903,40,41
27,20612.0,Fort Amity,"Quiller-Couch, Arthur",1863,1944,1904--,1904,41,40
28,20863.0,Major Vigoureux,"Quiller-Couch, Arthur",1863,1944,1907--,1907,44,37
29,20979.0,Brother Copas,"Quiller-Couch, Arthur",1863,1944,1911--,1911,48,33
31,23217.0,The Roll-Call Of The Reef,"Quiller-Couch, Arthur",1863,1944,1911--,1911,48,33
32,23647.0,Shining Ferry,"Quiller-Couch, Arthur",1863,1944,1905--,1905,42,39
1,1159.0,Fire-Tongue,"Rohmer, Sax",1883,1959,1921--,1921,38,38
3,1183.0,The Return of Dr. Fu-Manchu,"Rohmer, Sax",1883,1959,1916--,1916,33,43
4,2028.0,The Yellow Claw,"Rohmer, Sax",1883,1959,1915--,1915,32,44
5,2126.0,The Quest of the Sacred Slipper,"Rohmer, Sax",1883,1959,1914--,1914,31,45
6,5697.0,Tales of Chinatown,"Rohmer, Sax",1883,1959,1922--,1922,39,37
7,6382.0,Bat Wing,"Rohmer, Sax",1883,1959,1921--,1921,38,38
8,15323.0,The Green Eyes of Bâst,"Rohmer, Sax",1883,1959,1920-6-,1920,37,39
10,18613.0,The Golden Scorpion,"Rohmer, Sax",1883,1959,1919--,1919,36,40
12,19706.0,Brood of the Witch-Queen,"Rohmer, Sax",1883,1959,1918--,1918,35,41
13,21879.0,The Sins of Séverac Bablon,"Rohmer, Sax",1883,1959,1914--,1914,31,45
14,27461.0,The Orchard of Tears,"Rohmer, Sax",1883,1959,1918--,1918,35,41
15,40108.0,Tales of Secret Egypt,"Rohmer, Sax",1883,1959,1918--,1918,35,41
0,82.0,Ivanhoe: A Romance,"Scott, Walter",1771,1832,1819--,1819,48,13
1,471.0,The Bride of Lammermoor,"Scott, Walter",1771,1832,1819--,1819,48,13
3,1460.0,The Black Dwarf,"Scott, Walter",1771,1832,1816--,1816,45,16
4,1461.0,A Legend of Montrose,"Scott, Walter",1771,1832,1819--,1819,48,13
5,1606.0,Kenilworth,"Scott, Walter",1771,1832,1821--,1821,50,11
11,2590.0,Guy Mannering,"Scott, Walter",1771,1832,1815--,1815,44,17
16,4966.0,Waverley; Or 'Tis Sixty Years Since — Complete,"Scott, Walter",1771,1832,1814--,1814,43,18
21,5950.0,The Fortunes of Nigel,"Scott, Walter",1771,1832,1822--,1822,51,10
22,5959.0,Peveril of the Peak,"Scott, Walter",1771,1832,1822-1-23,1822,51,10
26,6406.0,The Monastery,"Scott, Walter",1771,1832,1820--,1820,49,12
36,6944.0,"The Heart of Mid-Lothian, Complete","Scott, Walter",1771,1832,1818--,1818,47,14
43,7853.0,Quentin Durward,"Scott, Walter",1771,1832,1823-5-17,1823,52,9
50,20749.0,St. Ronan's Well,"Scott, Walter",1771,1832,1824--,1824,53,8
51,28287.0,The Lady of the Lake,"Scott, Walter",1771,1832,1810--,1810,39,22
52,42389.0,The Pirate: Andrew Lang Edition,"Scott, Walter",1771,1832,1821-12-1,1821,50,11
1,1041.0,Shakespeare's Sonnets,"Shakespeare, William",1564,1616,1592--,1592,28,24
2,1045.0,Venus and Adonis,"Shakespeare, William",1564,1616,1592--,1592,28,24
5,1102.0,The Third Part of King Henry the Sixth,"Shakespeare, William",1564,1616,1591--,1591,27,25
8,1105.0,The Sonnets,"Shakespeare, William",1564,1616,1592--,1592,28,24
15,1112.0,The Tragedy of Romeo and Juliet,"Shakespeare, William",1564,1616,1595--,1595,31,21
20,1117.0,Second Part of King Henry IV,"Shakespeare, William",1564,1616,1597--,1597,33,19
30,1127.0,"The Tragedy of Othello, Moor of Venice","Shakespeare, William",1564,1616,1603--,1603,39,13
32,1129.0,The Tragedy of Macbeth,"Shakespeare, William",1564,1616,1606--,1606,42,10
41,1500.0,"King Henry VI, First Part","Shakespeare, William",1564,1616,1590--,1590,26,26
42,1501.0,"History of King Henry the Sixth, Second Part","Shakespeare, William",1564,1616,1590--,1590,26,26
43,1502.0,"The History of King Henry the Sixth, Third Part","Shakespeare, William",1564,1616,1591--,1591,27,25
44,1503.0,The Tragedy of King Richard III,"Shakespeare, William",1564,1616,1591--,1591,27,25
47,1506.0,The Rape of Lucrece,"Shakespeare, William",1564,1616,1594--,1594,30,22
53,1512.0,The Tragedy of King Richard the Second,"Shakespeare, William",1564,1616,1603--,1603,39,13
57,1516.0,"King Henry IV, the First Part","Shakespeare, William",1564,1616,1597--,1597,33,19
59,1518.0,"King Henry IV, Second Part","Shakespeare, William",1564,1616,1597--,1597,33,19
66,1525.0,The Phoenix and the Turtle,"Shakespeare, William",1564,1616,1601--,1601,37,15
68,1527.0,"Twelfth Night; Or, What You Will","Shakespeare, William",1564,1616,1601--,1601,37,15
83,1543.0,A Lover's Complaint,"Shakespeare, William",1564,1616,1609--,1609,45,7
92,1773.0,Two Gentlemen of Verona,"Shakespeare, William",1564,1616,1594--,1594,30,22
95,1776.0,King Richard II,"Shakespeare, William",1564,1616,1595--,1595,31,21
99,1780.0,"King Henry IV, Part 1","Shakespeare, William",1564,1616,1597--,1597,33,19
101,1782.0,"King Henry IV, Part 2","Shakespeare, William",1564,1616,1597--,1597,33,19
103,1784.0,King Henry V,"Shakespeare, William",1564,1616,1599-1-1,1599,35,17
107,1790.0,Troilus and Cressida,"Shakespeare, William",1564,1616,1602--,1602,38,14
121,2236.0,The Two Gentlemen of Verona,"Shakespeare, William",1564,1616,1594--,1594,30,22
122,2237.0,The Merry Wives of Windsor,"Shakespeare, William",1564,1616,1597--,1597,33,19
123,2238.0,Measure for Measure,"Shakespeare, William",1564,1616,1603--,1603,39,13
124,2239.0,The Comedy of Errors,"Shakespeare, William",1564,1616,1594--,1594,30,22
125,2240.0,Much Ado about Nothing,"Shakespeare, William",1564,1616,1598--,1598,34,18
126,2241.0,Love's Labour's Lost,"Shakespeare, William",1564,1616,1597--,1597,33,19
127,2242.0,A Midsummer Night's Dream,"Shakespeare, William",1564,1616,1595--,1595,31,21
128,2243.0,The Merchant of Venice,"Shakespeare, William",1564,1616,1596--,1596,32,20
129,2244.0,As You Like It,"Shakespeare, William",1564,1616,1599--,1599,35,17
130,2245.0,The Taming of the Shrew,"Shakespeare, William",1564,1616,1593--,1593,29,23
131,2246.0,All's Well That Ends Well,"Shakespeare, William",1564,1616,1602--,1602,38,14
132,2247.0,Twelfth Night,"Shakespeare, William",1564,1616,1601--,1601,37,15
133,2248.0,The Winter's Tale,"Shakespeare, William",1564,1616,1600-1-4,1600,36,16
134,2249.0,King John,"Shakespeare, William",1564,1616,1595--,1595,31,21
135,2250.0,Richard II,"Shakespeare, William",1564,1616,1595--,1595,31,21
136,2251.0,"Henry IV, Part 1","Shakespeare, William",1564,1616,1597--,1597,33,19
137,2252.0,"Henry IV, Part 2","Shakespeare, William",1564,1616,1597--,1597,33,19
138,2253.0,Henry V,"Shakespeare, William",1564,1616,1599-1-1,1599,35,17
139,2254.0,"Henry VI, Part 1","Shakespeare, William",1564,1616,1590--,1590,26,26
140,2255.0,"Henry VI, Part 2","Shakespeare, William",1564,1616,1590--,1590,26,26
141,2256.0,"Henry VI, Part 3","Shakespeare, William",1564,1616,1591--,1591,27,25
142,2257.0,Richard III,"Shakespeare, William",1564,1616,1591--,1591,27,25
143,2258.0,Henry VIII,"Shakespeare, William",1564,1616,1613--,1613,49,3
144,2259.0,Coriolanus,"Shakespeare, William",1564,1616,1605--,1605,41,11
145,2260.0,Titus Andronicus,"Shakespeare, William",1564,1616,1589--,1589,25,27
146,2261.0,Romeo and Juliet,"Shakespeare, William",1564,1616,1595--,1595,31,21
147,2262.0,Timon of Athens,"Shakespeare, William",1564,1616,1607--,1607,43,9
148,2263.0,Julius Caesar,"Shakespeare, William",1564,1616,1599-12-21,1599,35,17
149,2264.0,Macbeth,"Shakespeare, William",1564,1616,1606--,1606,42,10
150,2265.0,Hamlet,"Shakespeare, William",1564,1616,1600--,1600,36,16
151,2266.0,King Lear,"Shakespeare, William",1564,1616,1603--,1603,39,13
152,2267.0,Othello,"Shakespeare, William",1564,1616,1603--,1603,39,13
153,2268.0,Antony and Cleopatra,"Shakespeare, William",1564,1616,1606--,1606,42,10
154,2269.0,Cymbeline,"Shakespeare, William",1564,1616,1611--,1611,47,5
155,2270.0,Shakespeare's First Folio,"Shakespeare, William",1564,1616,1595--,1595,31,21
156,9077.0,"The Tragicall Historie of Hamlet, Prince of Denmarke: The First ('Bad') Quarto","Shakespeare, William",1564,1616,1603--,1603,39,13
157,10606.0,"The Tragedie of Hamlet, Prince of Denmark: A Study with the Text of the Folio of 1623","Shakespeare, William",1564,1616,1600--,1600,36,16
158,12578.0,"Shakespeare's play of the Merchant of Venice: Arranged for Representation at the Princess's Theatre, with Historical and Explanatory Notes by Charles Kean, F.S.A.","Shakespeare, William",1564,1616,1596--,1596,32,20
159,22791.0,King Henry the Fifth: Arranged for Representation at the Princess's Theatre,"Shakespeare, William",1564,1616,1599-1-1,1599,35,17
167,28334.0,The New Hudson Shakespeare: Julius Cæsar,"Shakespeare, William",1564,1616,1599-12-21,1599,35,17
0,9298.0,Life and Death of Harriett Frean,"Sinclair, May",1863,1946,1922--,1922,59,24
1,9366.0,Mary Olivier: a Life,"Sinclair, May",1863,1946,1919-1-1,1919,56,27
3,10817.0,Anne Severn and the Fieldings,"Sinclair, May",1863,1946,1922--,1922,59,24
4,11698.0,The Three Brontës,"Sinclair, May",1863,1946,1912--,1912,49,34
7,13522.0,Superseded,"Sinclair, May",1863,1946,1906--,1906,43,40
8,13883.0,The Tree of Heaven,"Sinclair, May",1863,1946,1917--,1917,54,29
9,13996.0,The Divine Fire,"Sinclair, May",1863,1946,1904--,1904,41,42
11,15722.0,The Tysons (Mr. and Mrs. Nevill Tyson),"Sinclair, May",1863,1946,1906--,1906,43,40
15,28461.0,The Combined Maze,"Sinclair, May",1863,1946,1913--,1913,50,33
16,28615.0,The Flaw in the Crystal,"Sinclair, May",1863,1946,1912--,1912,49,34
17,29766.0,Audrey Craven,"Sinclair, May",1863,1946,1897--,1897,34,49
18,31416.0,The Immortal Moment: The Story of Kitty Tailleur,"Sinclair, May",1863,1946,1908--,1908,45,38
1,43.0,The Strange Case of Dr. Jekyll and Mr. Hyde,"Stevenson, Robert Louis",1850,1894,1886-1-5,1886,36,8
5,329.0,Island Nights' Entertainments,"Stevenson, Robert Louis",1850,1894,1893--,1893,43,1
8,372.0,"Prince Otto, a Romance","Stevenson, Robert Louis",1850,1894,1885--,1885,35,9
11,381.0,Memories and Portraits,"Stevenson, Robert Louis",1850,1894,1887--,1887,37,7
15,421.0,Kidnapped,"Stevenson, Robert Louis",1850,1894,1886--,1886,36,8
16,425.0,Familiar Studies of Men and Books,"Stevenson, Robert Louis",1850,1894,1882--,1882,32,12
23,534.0,An Inland Voyage,"Stevenson, Robert Louis",1850,1894,1878--,1878,28,16
24,535.0,Travels with a Donkey in the Cevennes,"Stevenson, Robert Louis",1850,1894,1879--,1879,29,15
25,589.0,Catriona,"Stevenson, Robert Louis",1850,1894,1893--,1893,43,1
26,614.0,"Across the Plains, with Other Memories and Essays","Stevenson, Robert Louis",1850,1894,1892--,1892,42,2
34,839.0,New Arabian Nights,"Stevenson, Robert Louis",1850,1894,1882--,1882,32,12
35,848.0,The Black Arrow: A Tale of Two Roses,"Stevenson, Robert Louis",1850,1894,1888--,1888,38,6
36,864.0,The Master of Ballantrae: A Winter's Tale,"Stevenson, Robert Louis",1850,1894,1889--,1889,39,5
37,1604.0,The Ebb-Tide: A Trio And Quartette,"Stevenson, Robert Louis",1850,1894,1894--,1894,44,0
41,14133.0,"David Balfour: Being Memoirs Of His Adventures At Home And Abroad, The Second Part: In Which Are Set Forth His Misfortunes Anent The Appin Murder; His Troubles With Lord Advocate Grant; Captivity On The Bass Rock; Journey Into Holland And France; And Singular Relations With James More Drummond Or Macgregor, A Son Of The Notorious Rob Roy, And His Daughter Catriona","Stevenson, Robert Louis",1850,1894,1893--,1893,43,1
51,27780.0,Treasure Island,"Stevenson, Robert Louis",1850,1894,1882-1-28,1882,32,12
52,28722.0,A Child's Garden of Verses,"Stevenson, Robert Louis",1850,1894,1885--,1885,35,9
0,599.0,Vanity Fair,"Thackeray, William Makepeace",1811,1863,1847--,1847,36,16
1,897.0,The Rose and the Ring,"Thackeray, William Makepeace",1811,1863,1855--,1855,44,8
2,1462.0,Some Roundabout Papers,"Thackeray, William Makepeace",1811,1863,1863--,1863,52,0
3,1933.0,"The History of Samuel Titmarsh, and The Great Hoggarty Diamond","Thackeray, William Makepeace",1811,1863,1848--,1848,37,15
4,1935.0,The Tremendous Adventures of Major Gahagan,"Thackeray, William Makepeace",1811,1863,1855--,1855,44,8
5,1969.0,Catherine: A Story,"Thackeray, William Makepeace",1811,1863,1840--,1840,29,23
6,1985.0,Men's Wives,"Thackeray, William Makepeace",1811,1863,1852--,1852,41,11
7,1990.0,The Bedford-Row Conspiracy,"Thackeray, William Makepeace",1811,1863,1856--,1856,45,7
9,2608.0,Roundabout Papers,"Thackeray, William Makepeace",1811,1863,1863--,1863,52,0
13,2686.0,The Book of Snobs,"Thackeray, William Makepeace",1811,1863,1848--,1848,37,15
19,2823.0,The Fitz-Boodle Papers,"Thackeray, William Makepeace",1811,1863,1850--,1850,39,13
23,4558.0,Barry Lyndon,"Thackeray, William Makepeace",1811,1863,1844--,1844,33,19
24,7265.0,The History of Pendennis,"Thackeray, William Makepeace",1811,1863,1848--,1848,37,15
0,4996.0,Number Seventeen,"Tracy, Louis",1863,1928,1915--,1915,52,13
1,8596.0,The Wheel O' Fortune,"Tracy, Louis",1863,1928,1907--,1907,44,21
2,10110.0,The Postmaster's Daughter,"Tracy, Louis",1863,1928,1916--,1916,53,12
5,19649.0,The Captain of the Kansas,"Tracy, Louis",1863,1928,1907--,1907,44,21
6,19707.0,One Wonderful Night: A Romance of New York,"Tracy, Louis",1863,1928,1912--,1912,49,16
8,25017.0,A Son of the Immortals,"Tracy, Louis",1863,1928,1909--,1909,46,19
9,26447.0,The Strange Case of Mortimer Fenley,"Tracy, Louis",1863,1928,1915-5-10,1915,52,13
10,31472.0,Cynthia's Chauffeur,"Tracy, Louis",1863,1928,1910--,1910,47,18
11,31635.0,The Silent Barrier,"Tracy, Louis",1863,1928,1911--,1911,48,17
12,31949.0,The Bartlett Mystery,"Tracy, Louis",1863,1928,1919--,1919,56,9
13,33622.0,The Day of Wrath: A Story of 1914,"Tracy, Louis",1863,1928,1916--,1916,53,12
14,34134.0,The Great Mogul,"Tracy, Louis",1863,1928,1905--,1905,42,23
16,35074.0,His Unknown Wife,"Tracy, Louis",1863,1928,1916--,1916,53,12
19,36478.0,The Red Year: A Story of the Indian Mutiny,"Tracy, Louis",1863,1928,1907--,1907,44,21
21,40493.0,The King of Diamonds: A Tale of Mystery and Adventure,"Tracy, Louis",1863,1928,1904-1-1,1904,41,24
22,40912.0,The Pillar of Light,"Tracy, Louis",1863,1928,1904-5-,1904,41,24
24,46178.0,Flower of the Gorse,"Tracy, Louis",1863,1928,1915-7-1,1915,52,13
0,619.0,The Warden,"Trollope, Anthony",1815,1882,1855--,1855,40,27
1,814.0,Hunting Sketches,"Trollope, Anthony",1815,1882,1865--,1865,50,17
2,2158.0,The Prime Minister,"Trollope, Anthony",1815,1882,1876--,1876,61,6
4,2860.0,Framley Parsonage,"Trollope, Anthony",1815,1882,1861-4-,1861,46,21
5,3045.0,The Last Chronicle of Barset,"Trollope, Anthony",1815,1882,1867--,1867,52,15
6,3166.0,Doctor Thorne,"Trollope, Anthony",1815,1882,1858--,1858,43,24
7,3409.0,Barchester Towers,"Trollope, Anthony",1815,1882,1857--,1857,42,25
8,3550.0,La Mere Bauche: From Tales of All Countries,"Trollope, Anthony",1815,1882,1861--,1861,46,21
9,3615.0,"John Bull on the Guadalquivir: From ""Tales from All Countries""","Trollope, Anthony",1815,1882,1860-11-24,1860,45,22
10,3616.0,"The O'Conors of Castle Conor, County Mayo: From ""Tales from All Countries""","Trollope, Anthony",1815,1882,1864-5-8,1864,49,18
11,3622.0,The Duke's Children,"Trollope, Anthony",1815,1882,1880--,1880,65,2
13,3700.0,The Courtship of Susan Bell,"Trollope, Anthony",1815,1882,1860-8-,1860,45,22
14,3710.0,An Unprotected Female at the Pyramids,"Trollope, Anthony",1815,1882,1860-10-13,1860,45,22
15,3711.0,The Relics of General Chasse: A Tale of Antwerp,"Trollope, Anthony",1815,1882,1860-2-,1860,45,22
16,3712.0,The Chateau of Prince Polignac,"Trollope, Anthony",1815,1882,1860-10-20,1860,45,22
17,3713.0,Aaron Trow,"Trollope, Anthony",1815,1882,1861-12-,1861,46,21
18,3716.0,Mrs. General Talboys,"Trollope, Anthony",1815,1882,1864-10-19,1864,49,18
19,3717.0,The Parson's Daughter of Oxney Colne,"Trollope, Anthony",1815,1882,1861-3-2,1861,46,21
20,3718.0,George Walker at Suez,"Trollope, Anthony",1815,1882,1861--,1861,46,21
23,3723.0,A Ride Across Palestine,"Trollope, Anthony",1815,1882,1861--,1861,46,21
24,3724.0,"The House of Heine Brothers, in Munich","Trollope, Anthony",1815,1882,1864-6-6,1864,49,18
25,3767.0,The Man Who Kept His Money in a Box,"Trollope, Anthony",1815,1882,1864-7-9,1864,49,18
26,4599.0,The Small House at Allington,"Trollope, Anthony",1815,1882,1864--,1864,49,18
27,4917.0,The Kellys and the O'Kellys,"Trollope, Anthony",1815,1882,1848--,1848,33,34
28,4969.0,The Belton Estate,"Trollope, Anthony",1815,1882,1866--,1866,51,16
29,5118.0,The American Senator,"Trollope, Anthony",1815,1882,1877--,1877,62,5
30,5140.0,He Knew He Was Right,"Trollope, Anthony",1815,1882,1869--,1869,54,13
31,5202.0,The Golden Lion of Granpere,"Trollope, Anthony",1815,1882,1871-3-11,1871,56,11
32,5231.0,The Way We Live Now,"Trollope, Anthony",1815,1882,1875--,1875,60,7
33,5642.0,Harry Heathcote of Gangoil: A Tale of Australian Bush-Life,"Trollope, Anthony",1815,1882,1874--,1874,59,8
34,5709.0,La Vendée,"Trollope, Anthony",1815,1882,1850--,1850,35,32
35,5897.0,Castle Richmond,"Trollope, Anthony",1815,1882,1860--,1860,45,22
37,7381.0,The Eustace Diamonds,"Trollope, Anthony",1815,1882,1873--,1873,58,9
38,7481.0,The Three Clerks,"Trollope, Anthony",1815,1882,1858--,1858,43,24
39,8897.0,Nina Balatka,"Trollope, Anthony",1815,1882,1867-1-,1867,52,15
40,11643.0,John Caldigate,"Trollope, Anthony",1815,1882,1879--,1879,64,3
42,15766.0,The Claverings,"Trollope, Anthony",1815,1882,1867--,1867,52,15
44,18000.0,Phineas Finn: The Irish Member,"Trollope, Anthony",1815,1882,1868--,1868,53,14
45,18640.0,Phineas Redux,"Trollope, Anthony",1815,1882,1873--,1873,58,9
47,19500.0,Can You Forgive Her?,"Trollope, Anthony",1815,1882,1865--,1865,50,17
48,21847.0,Dr. Wortle's School,"Trollope, Anthony",1815,1882,1879--,1879,64,3
49,22000.0,Kept in the Dark,"Trollope, Anthony",1815,1882,1882--,1882,67,0
50,23000.0,Orley Farm,"Trollope, Anthony",1815,1882,1862--,1862,47,20
51,24000.0,Miss Mackenzie,"Trollope, Anthony",1815,1882,1865--,1865,50,17
52,24103.0,Cousin Henry,"Trollope, Anthony",1815,1882,1879--,1879,64,3
54,25579.0,Ralph the Heir,"Trollope, Anthony",1815,1882,1871-7-,1871,56,11
55,26001.0,The Bertrams,"Trollope, Anthony",1815,1882,1859--,1859,44,23
56,26002.0,Linda Tressel,"Trollope, Anthony",1815,1882,1868--,1868,53,14
57,26541.0,The Vicar of Bullhampton,"Trollope, Anthony",1815,1882,1870--,1870,55,12
58,27067.0,The Fixed Period,"Trollope, Anthony",1815,1882,1882--,1882,67,0
59,27533.0,"The Struggles of Brown, Jones, and Robinson: By One of the Firm","Trollope, Anthony",1815,1882,1862--,1862,47,20
60,27712.0,Sir Harry Hotspur of Humblethwaite,"Trollope, Anthony",1815,1882,1870-12-,1870,55,12
61,29000.0,The Macdermots of Ballycloran,"Trollope, Anthony",1815,1882,1847--,1847,32,35
62,29828.0,Is He Popenjoy?,"Trollope, Anthony",1815,1882,1878--,1878,63,4
63,30100.0,Marion Fay: A Novel,"Trollope, Anthony",1815,1882,1882--,1882,67,0
65,31274.0,Lady Anna,"Trollope, Anthony",1815,1882,1874--,1874,59,8
66,33500.0,Ayala's Angel,"Trollope, Anthony",1815,1882,1881--,1881,66,1
67,34000.0,Rachel Ray,"Trollope, Anthony",1815,1882,1863--,1863,48,19
68,44992.0,Travelling Sketches,"Trollope, Anthony",1815,1882,1866--,1866,51,16
0,11236.0,Old Ballads,Various,,,2004-2-1,2004,,
1,13971.0,The Fifteen Comforts of Matrimony: Responses from Men,Various,,,2010-1-1,2010,,
2,13972.0,The Fifteen Comforts of Matrimony: Responses From Women,Various,,,2010-1-1,2010,,
4,18909.0,"Poems Teachers Ask For: Selected by readers of ""Normal Instructor-Primary Plans""",Various,,,2011-3-24,2011,,
5,19469.0,"Poems Teachers Ask For, Book Two",Various,,,2011-3-30,2011,,
7,22668.0,Poems of To-Day: an Anthology,Various,,,2008-2-12,2008,,
11,33428.0,"Stevensoniana: Being a Reprint of Various Literary and Pictorial Miscellany Associated with Robert Louis Stevenson, the Man and His Work",Various,,,2011-3-24,2011,,
12,33681.0,Poems of the Great War: Published on the Behalf of the Prince of Wales's National Relief Fund,Various,,,2011-3-24,2011,,
19,40048.0,"The Newcastle Song Book; or, Tyne-Side Songster: Being a Collection of Comic and Satirical Songs, Descriptive of Eccentric Characters, and the Manners and Customs of a Portion of the Labouring Population of Newcastle and the Neighbourhood",Various,,,2012-6-20,2012,,
0,1327.0,Elizabeth and Her German Garden,"Von Arnim, Elizabeth",1866,1941,1898--,1898,32,43
1,5991.0,The Solitary Summer,"Von Arnim, Elizabeth",1866,1941,1899--,1899,33,42
3,13141.0,The Princess Priscilla's Fortnight,"Von Arnim, Elizabeth",1866,1941,1905--,1905,39,36
4,14646.0,Christopher and Columbus,"Von Arnim, Elizabeth",1866,1941,1919--,1919,53,22
5,16389.0,The Enchanted April,"Von Arnim, Elizabeth",1866,1941,1922--,1922,56,19
6,30302.0,The Benefactress,"Von Arnim, Elizabeth",1866,1941,1901--,1901,35,40
7,33762.0,The Adventures of Elizabeth in Rügen,"Von Arnim, Elizabeth",1866,1941,1904--,1904,38,37
10,35282.0,Fräulein Schmidt and Mr. Anstruther,"Von Arnim, Elizabeth",1866,1941,1907--,1907,41,34
0,2688.0,The Clue of the Twisted Candle,"Wallace, Edgar",1875,1932,1916--,1916,41,16
1,20912.0,The Daffodil Mystery,"Wallace, Edgar",1875,1932,1920--,1920,45,12
3,24450.0,Bones: Being Further Adventures in Mr. Commissioner Sanders' Country,"Wallace, Edgar",1875,1932,1915--,1915,40,17
4,24767.0,Jack O' Judgment,"Wallace, Edgar",1875,1932,1920--,1920,45,12
5,24929.0,The Green Rust,"Wallace, Edgar",1875,1932,1919--,1919,44,13
6,24933.0,The Man Who Knew,"Wallace, Edgar",1875,1932,1918--,1918,43,14
7,25803.0,The Keepers of the King's Peace,"Wallace, Edgar",1875,1932,1917--,1917,42,15
8,26176.0,The Secret House,"Wallace, Edgar",1875,1932,1917--,1917,42,15
9,27525.0,Bones in London,"Wallace, Edgar",1875,1932,1921--,1921,46,11
10,35545.0,Sanders of the River,"Wallace, Edgar",1875,1932,1911--,1911,36,21
1,301.0,The Ballad of Reading Gaol,"Wilde, Oscar",1854,1900,1898--,1898,44,2
3,774.0,Essays and Lectures,"Wilde, Oscar",1854,1900,1879--,1879,25,21
4,790.0,Lady Windermere's Fan,"Wilde, Oscar",1854,1900,1893--,1893,39,7
6,854.0,A Woman of No Importance,"Wilde, Oscar",1854,1900,1894--,1894,40,6
7,873.0,A House of Pomegranates,"Wilde, Oscar",1854,1900,1891--,1891,37,9
9,885.0,An Ideal Husband,"Wilde, Oscar",1854,1900,1893-4-1,1893,39,7
11,902.0,"The Happy Prince, and Other Tales","Wilde, Oscar",1854,1900,1888--,1888,34,12
17,1338.0,Selected Prose of Oscar Wilde,"Wilde, Oscar",1854,1900,1900--,1900,46,0
22,14522.0,The Canterville Ghost,"Wilde, Oscar",1854,1900,1887-5-29,1887,33,13
23,23229.0,For Love of the King: A Burmese Masque,"Wilde, Oscar",1854,1900,1894--,1894,40,6
24,26494.0,"Vera; Or, The Nihilists","Wilde, Oscar",1854,1900,1880--,1880,26,20
25,26740.0,The Picture of Dorian Gray,"Wilde, Oscar",1854,1900,1891--,1891,37,9
26,30120.0,The Happy Prince and Other Tales,"Wilde, Oscar",1854,1900,1888--,1888,34,12
29,42704.0,Salomé: A Tragedy in One Act,"Wilde, Oscar",1854,1900,1891--,1891,37,9
0,6304.0,Without Prejudice,"Zangwill, Israel",1864,1926,1896--,1896,32,30
2,16408.0,The Grey Wig: Stories and Novelettes,"Zangwill, Israel",1864,1926,1903--,1903,39,23
3,20078.0,Merely Mary Ann,"Zangwill, Israel",1864,1926,1893--,1893,29,33
5,28164.0,The Big Bow Mystery,"Zangwill, Israel",1864,1926,1891--,1891,27,35
6,28982.0,Ghetto Comedies,"Zangwill, Israel",1864,1926,1907--,1907,43,19
7,29875.0,Dreamers of the Ghetto,"Zangwill, Israel",1864,1926,1898--,1898,34,28
8,35076.0,Ghetto Tragedies,"Zangwill, Israel",1864,1926,1899--,1899,35,27
9,35238.0,The Grandchildren of the Ghetto,"Zangwill, Israel",1864,1926,1892--,1892,28,34
